Var,Factor,pd_value
1.0,0.0,0.866
1.0,1.0,0.998
1.0,2.0,0.976
1.0,3.0,1.0
1.0,4.0,0.452
1.0,5.0,0.188
1.0,6.0,0.64
1.0,7.0,0.388
1.0,8.0,1.0
1.0,9.0,0.238
1.0,10.0,0.524
1.0,11.0,0.208
1.0,12.0,0.382
1.0,13.0,0.87
1.0,14.0,0.372
1.0,15.0,0.996
1.0,16.0,0.448
1.0,17.0,0.204
1.0,18.0,0.486
1.0,19.0,0.304
1.0,20.0,0.842
1.0,21.0,1.0
2.0,0.0,0.832
2.0,1.0,0.856
2.0,2.0,0.996
2.0,3.0,1.0
2.0,4.0,0.44
2.0,5.0,0.108
2.0,6.0,0.494
2.0,7.0,0.368
2.0,8.0,1.0
2.0,9.0,0.248
2.0,10.0,0.44
2.0,11.0,0.202
2.0,12.0,0.416
2.0,13.0,0.83
2.0,14.0,0.386
2.0,15.0,0.848
2.0,16.0,0.484
2.0,17.0,0.198
2.0,18.0,0.51
2.0,19.0,0.306
2.0,20.0,0.844
2.0,21.0,1.0
3.0,0.0,0.87
3.0,1.0,0.888
3.0,2.0,0.888
3.0,3.0,1.0
3.0,4.0,0.87
3.0,5.0,0.216
3.0,6.0,0.764
3.0,7.0,0.45
3.0,8.0,1.0
3.0,9.0,0.222
3.0,10.0,0.332
3.0,11.0,0.244
3.0,12.0,0.674
3.0,13.0,0.872
3.0,14.0,0.27
3.0,15.0,0.866
3.0,16.0,0.698
3.0,17.0,0.332
3.0,18.0,0.776
3.0,19.0,0.732
3.0,20.0,0.97
3.0,21.0,1.0
4.0,0.0,0.886
4.0,1.0,0.908
4.0,2.0,0.908
4.0,3.0,1.0
4.0,4.0,0.97
4.0,5.0,0.176
4.0,6.0,0.918
4.0,7.0,0.382
4.0,8.0,1.0
4.0,9.0,0.216
4.0,10.0,0.138
4.0,11.0,0.244
4.0,12.0,0.896
4.0,13.0,0.884
4.0,14.0,0.114
4.0,15.0,0.886
4.0,16.0,0.884
4.0,17.0,0.384
4.0,18.0,0.926
4.0,19.0,0.776
4.0,20.0,0.982
4.0,21.0,1.0
5.0,0.0,0.612
5.0,1.0,0.616
5.0,2.0,0.6
5.0,3.0,1.0
5.0,4.0,0.544
5.0,5.0,0.028
5.0,6.0,0.652
5.0,7.0,0.314
5.0,8.0,1.0
5.0,9.0,0.352
5.0,10.0,0.258
5.0,11.0,0.212
5.0,12.0,0.608
5.0,13.0,0.616
5.0,14.0,0.28
5.0,15.0,0.66
5.0,16.0,0.574
5.0,17.0,0.162
5.0,18.0,0.638
5.0,19.0,0.474
5.0,20.0,0.76
5.0,21.0,1.0
6.0,0.0,0.884
6.0,1.0,0.898
6.0,2.0,0.898
6.0,3.0,1.0
6.0,4.0,0.88
6.0,5.0,0.216
6.0,6.0,0.964
6.0,7.0,0.416
6.0,8.0,1.0
6.0,9.0,0.232
6.0,10.0,0.232
6.0,11.0,0.216
6.0,12.0,0.768
6.0,13.0,0.876
6.0,14.0,0.272
6.0,15.0,0.89
6.0,16.0,0.73
6.0,17.0,0.33
6.0,18.0,0.89
6.0,19.0,0.728
6.0,20.0,0.962
6.0,21.0,1.0
7.0,0.0,0.676
7.0,1.0,0.716
7.0,2.0,0.708
7.0,3.0,1.0
7.0,4.0,0.394
7.0,5.0,0.094
7.0,6.0,0.448
7.0,7.0,0.084
7.0,8.0,1.0
7.0,9.0,0.28
7.0,10.0,0.424
7.0,11.0,0.228
7.0,12.0,0.384
7.0,13.0,0.68
7.0,14.0,0.338
7.0,15.0,0.738
7.0,16.0,0.456
7.0,17.0,0.102
7.0,18.0,0.454
7.0,19.0,0.302
7.0,20.0,0.732
7.0,21.0,1.0
8.0,0.0,0.908
8.0,1.0,0.992
8.0,2.0,0.968
8.0,3.0,1.0
8.0,4.0,0.816
8.0,5.0,0.212
8.0,6.0,0.924
8.0,7.0,0.442
8.0,8.0,1.0
8.0,9.0,0.606
8.0,10.0,0.728
8.0,11.0,0.206
8.0,12.0,0.85
8.0,13.0,0.906
8.0,14.0,0.294
8.0,15.0,1.0
8.0,16.0,0.766
8.0,17.0,0.274
8.0,18.0,0.862
8.0,19.0,0.634
8.0,20.0,0.952
8.0,21.0,1.0
9.0,0.0,0.802
9.0,1.0,0.834
9.0,2.0,0.832
9.0,3.0,1.0
9.0,4.0,0.816
9.0,5.0,0.19
9.0,6.0,0.802
9.0,7.0,0.398
9.0,8.0,1.0
9.0,9.0,0.76
9.0,10.0,0.284
9.0,11.0,0.22
9.0,12.0,0.676
9.0,13.0,0.796
9.0,14.0,0.242
9.0,15.0,0.84
9.0,16.0,0.8
9.0,17.0,0.278
9.0,18.0,0.802
9.0,19.0,0.668
9.0,20.0,0.888
9.0,21.0,1.0
10.0,0.0,0.726
10.0,1.0,0.754
10.0,2.0,0.73
10.0,3.0,1.0
10.0,4.0,0.672
10.0,5.0,0.36
10.0,6.0,0.492
10.0,7.0,0.478
10.0,8.0,1.0
10.0,9.0,0.298
10.0,10.0,0.878
10.0,11.0,0.216
10.0,12.0,0.486
10.0,13.0,0.71
10.0,14.0,0.27
10.0,15.0,0.744
10.0,16.0,0.776
10.0,17.0,0.43
10.0,18.0,0.602
10.0,19.0,0.504
10.0,20.0,0.834
10.0,21.0,1.0
11.0,0.0,0.872
11.0,1.0,0.888
11.0,2.0,0.958
11.0,3.0,1.0
11.0,4.0,0.908
11.0,5.0,0.168
11.0,6.0,0.902
11.0,7.0,0.396
11.0,8.0,1.0
11.0,9.0,0.648
11.0,10.0,0.172
11.0,11.0,1.0
11.0,12.0,0.836
11.0,13.0,0.87
11.0,14.0,0.216
11.0,15.0,0.876
11.0,16.0,0.808
11.0,17.0,0.286
11.0,18.0,0.928
11.0,19.0,0.352
11.0,20.0,0.976
11.0,21.0,1.0
12.0,0.0,0.886
12.0,1.0,0.904
12.0,2.0,0.908
12.0,3.0,1.0
12.0,4.0,0.766
12.0,5.0,0.076
12.0,6.0,0.908
12.0,7.0,0.242
12.0,8.0,1.0
12.0,9.0,0.214
12.0,10.0,0.076
12.0,11.0,0.19
12.0,12.0,0.91
12.0,13.0,0.884
12.0,14.0,0.306
12.0,15.0,0.9
12.0,16.0,0.804
12.0,17.0,0.13
12.0,18.0,0.9
12.0,19.0,0.584
12.0,20.0,0.946
12.0,21.0,1.0
13.0,0.0,0.702
13.0,1.0,0.98
13.0,2.0,0.816
13.0,3.0,1.0
13.0,4.0,0.55
13.0,5.0,0.358
13.0,6.0,0.462
13.0,7.0,0.47
13.0,8.0,1.0
13.0,9.0,0.676
13.0,10.0,0.77
13.0,11.0,0.204
13.0,12.0,0.162
13.0,13.0,0.978
13.0,14.0,0.286
13.0,15.0,0.974
13.0,16.0,0.426
13.0,17.0,0.368
13.0,18.0,0.346
13.0,19.0,0.444
13.0,20.0,0.724
13.0,21.0,1.0
14.0,0.0,0.584
14.0,1.0,0.592
14.0,2.0,0.566
14.0,3.0,1.0
14.0,4.0,0.538
14.0,5.0,0.254
14.0,6.0,0.498
14.0,7.0,0.44
14.0,8.0,1.0
14.0,9.0,0.376
14.0,10.0,0.478
14.0,11.0,0.228
14.0,12.0,0.466
14.0,13.0,0.526
14.0,14.0,0.294
14.0,15.0,0.596
14.0,16.0,0.466
14.0,17.0,0.306
14.0,18.0,0.502
14.0,19.0,0.458
14.0,20.0,0.674
14.0,21.0,1.0
15.0,0.0,0.876
15.0,1.0,0.988
15.0,2.0,0.968
15.0,3.0,1.0
15.0,4.0,0.618
15.0,5.0,0.182
15.0,6.0,0.87
15.0,7.0,0.396
15.0,8.0,1.0
15.0,9.0,0.226
15.0,10.0,0.42
15.0,11.0,0.208
15.0,12.0,0.464
15.0,13.0,0.878
15.0,14.0,0.404
15.0,15.0,1.0
15.0,16.0,0.51
15.0,17.0,0.234
15.0,18.0,0.634
15.0,19.0,0.436
15.0,20.0,0.904
15.0,21.0,1.0
16.0,0.0,0.89
16.0,1.0,0.908
16.0,2.0,0.906
16.0,3.0,1.0
16.0,4.0,0.906
16.0,5.0,0.206
16.0,6.0,0.814
16.0,7.0,0.448
16.0,8.0,1.0
16.0,9.0,0.19
16.0,10.0,0.23
16.0,11.0,0.168
16.0,12.0,0.786
16.0,13.0,0.882
16.0,14.0,0.244
16.0,15.0,0.898
16.0,16.0,0.964
16.0,17.0,0.308
16.0,18.0,0.914
16.0,19.0,0.724
16.0,20.0,0.964
16.0,21.0,1.0
17.0,0.0,0.536
17.0,1.0,0.566
17.0,2.0,0.55
17.0,3.0,1.0
17.0,4.0,0.312
17.0,5.0,0.154
17.0,6.0,0.34
17.0,7.0,0.332
17.0,8.0,1.0
17.0,9.0,0.342
17.0,10.0,0.502
17.0,11.0,0.256
17.0,12.0,0.316
17.0,13.0,0.524
17.0,14.0,0.344
17.0,15.0,0.578
17.0,16.0,0.386
17.0,17.0,0.06
17.0,18.0,0.382
17.0,19.0,0.316
17.0,20.0,0.62
17.0,21.0,1.0
18.0,0.0,0.878
18.0,1.0,0.896
18.0,2.0,0.898
18.0,3.0,1.0
18.0,4.0,0.866
18.0,5.0,0.208
18.0,6.0,0.818
18.0,7.0,0.412
18.0,8.0,1.0
18.0,9.0,0.252
18.0,10.0,0.166
18.0,11.0,0.22
18.0,12.0,0.854
18.0,13.0,0.874
18.0,14.0,0.288
18.0,15.0,0.872
18.0,16.0,0.746
18.0,17.0,0.288
18.0,18.0,0.954
18.0,19.0,0.552
18.0,20.0,0.966
18.0,21.0,1.0
19.0,0.0,0.794
19.0,1.0,0.814
19.0,2.0,0.806
19.0,3.0,1.0
19.0,4.0,0.828
19.0,5.0,0.21
19.0,6.0,0.74
19.0,7.0,0.408
19.0,8.0,1.0
19.0,9.0,0.256
19.0,10.0,0.298
19.0,11.0,0.242
19.0,12.0,0.668
19.0,13.0,0.796
19.0,14.0,0.222
19.0,15.0,0.814
19.0,16.0,0.684
19.0,17.0,0.312
19.0,18.0,0.756
19.0,19.0,0.878
19.0,20.0,0.884
19.0,21.0,1.0
20.0,0.0,0.778
20.0,1.0,0.8
20.0,2.0,0.796
20.0,3.0,1.0
20.0,4.0,0.43
20.0,5.0,0.232
20.0,6.0,0.366
20.0,7.0,0.432
20.0,8.0,1.0
20.0,9.0,0.25
20.0,10.0,0.576
20.0,11.0,0.234
20.0,12.0,0.316
20.0,13.0,0.772
20.0,14.0,0.372
20.0,15.0,0.788
20.0,16.0,0.404
20.0,17.0,0.222
20.0,18.0,0.408
20.0,19.0,0.298
20.0,20.0,0.988
20.0,21.0,1.0
21.0,0.0,0.776
21.0,1.0,0.81
21.0,2.0,0.8
21.0,3.0,1.0
21.0,4.0,0.436
21.0,5.0,0.246
21.0,6.0,0.404
21.0,7.0,0.43
21.0,8.0,1.0
21.0,9.0,0.29
21.0,10.0,0.572
21.0,11.0,0.224
21.0,12.0,0.328
21.0,13.0,0.78
21.0,14.0,0.382
21.0,15.0,0.814
21.0,16.0,0.41
21.0,17.0,0.248
21.0,18.0,0.426
21.0,19.0,0.296
21.0,20.0,0.818
21.0,21.0,1.0
