Net_ID,Var,Factor,intervention_effect
0.0,0.01,0.0,0.001586919949153165
0.0,0.01,1.0,3.059032840210807e-05
0.0,0.01,2.0,0.00024971361105102785
0.0,0.01,3.0,-1.9359053153589212e-07
0.0,0.01,4.0,-9.967286243861562e-06
0.0,0.01,5.0,-0.00033174384349199393
0.0,0.01,6.0,-1.935957211179895e-05
0.0,0.01,7.0,-0.00030380976125876646
0.0,0.01,8.0,-4.968599285073982e-06
0.0,0.01,9.0,-0.00020043246709988694
0.0,0.01,10.0,-5.24474898135896e-05
0.0,0.01,11.0,5.6870470971359666e-09
0.0,0.01,12.0,-6.920849296571108e-06
0.0,0.01,13.0,0.00023702607396669517
0.0,0.01,14.0,-4.980034934952415e-05
0.0,0.01,15.0,3.022438019667506e-06
0.0,0.01,16.0,-2.9115680831359736e-05
0.0,0.01,17.0,-0.0003572844823835908
0.0,0.01,18.0,3.8787600154382984e-05
0.0,0.01,19.0,-0.00032070609155504526
0.0,0.01,20.0,0.00025326201162234607
0.0,0.01,21.0,-1.0330271108804912e-06
0.0,0.51,0.0,0.08187905781939964
0.0,0.51,1.0,0.0017048137084448856
0.0,0.51,2.0,0.011790086371889774
0.0,0.51,3.0,-1.935905305228136e-07
0.0,0.51,4.0,-0.006143975879725705
0.0,0.51,5.0,-0.016565358102639247
0.0,0.51,6.0,0.00018675911028837033
0.0,0.51,7.0,-0.015084749963692107
0.0,0.51,8.0,-4.968599202632984e-06
0.0,0.51,9.0,-0.009944922957050795
0.0,0.51,10.0,-0.00234586471403625
0.0,0.51,11.0,5.687047083258179e-09
0.0,0.51,12.0,3.808155663517776e-05
0.0,0.51,13.0,0.011786703730451376
0.0,0.51,14.0,0.0006856232530561418
0.0,0.51,15.0,0.00023786469070119498
0.0,0.51,16.0,-0.00016875941523503135
0.0,0.51,17.0,-0.017494645839919068
0.0,0.51,18.0,0.0014783225546172452
0.0,0.51,19.0,-0.013542570725813885
0.0,0.51,20.0,0.010657882680998376
0.0,0.51,21.0,-1.0330270937830566e-06
0.0,1.01,0.0,0.1620374189717353
0.0,1.01,1.0,0.0033685517591765246
0.0,1.01,2.0,0.023412631568928532
0.0,1.01,3.0,-1.935905213218403e-07
0.0,1.01,4.0,-0.011641417205956017
0.0,1.01,5.0,-0.032765599671017026
0.0,1.01,6.0,0.00021894969087998817
0.0,1.01,7.0,-0.029857533129811417
0.0,1.01,8.0,-4.968598522447909e-06
0.0,1.01,9.0,-0.01972290610643887
0.0,1.01,10.0,-0.0046567472871970605
0.0,1.01,11.0,5.687047055502603e-09
0.0,1.01,12.0,-4.353272143653442e-06
0.0,1.01,13.0,0.023350705640866193
0.0,1.01,14.0,0.0014327831911738337
0.0,1.01,15.0,0.00047355806400108114
0.0,1.01,16.0,-0.0005055312502347808
0.0,1.01,17.0,-0.03460668146212782
0.0,1.01,18.0,0.0028794441955435346
0.0,1.01,19.0,-0.026987753859246066
0.0,1.01,20.0,0.020933060776365087
0.0,1.01,21.0,-1.0330269523683988e-06
0.0,1.51,0.0,0.24172105247379494
0.0,1.51,1.0,0.00501275475602414
0.0,1.51,2.0,0.03513491630592014
0.0,1.51,3.0,-1.935905257488546e-07
0.0,1.51,4.0,-0.017300386666487477
0.0,1.51,5.0,-0.04876045600625441
0.0,1.51,6.0,0.0003252116747541889
0.0,1.51,7.0,-0.044482725494653014
0.0,1.51,8.0,-4.968598841866012e-06
0.0,1.51,9.0,-0.029510813543394188
0.0,1.51,10.0,-0.006907885607920383
0.0,1.51,11.0,5.687047069380391e-09
0.0,1.51,12.0,-2.262626973217885e-05
0.0,1.51,13.0,0.03492623267420228
0.0,1.51,14.0,0.002157345967979972
0.0,1.51,15.0,0.0007093110655389673
0.0,1.51,16.0,-0.0007504684082405011
0.0,1.51,17.0,-0.051304500200488067
0.0,1.51,18.0,0.004241955128294117
0.0,1.51,19.0,-0.04043797160192569
0.0,1.51,20.0,0.03281493801029045
0.0,1.51,21.0,-1.0330270187597357e-06
0.0,2.01,0.0,0.30376221804675163
0.0,2.01,1.0,0.006295247302147894
0.0,2.01,2.0,0.044145903044385815
0.0,2.01,3.0,-1.9359052935707943e-07
0.0,2.01,4.0,-0.02162023771078403
0.0,2.01,5.0,-0.060792934084405705
0.0,2.01,6.0,0.00036943477943351954
0.0,2.01,7.0,-0.05554472169241098
0.0,2.01,8.0,-4.96859911056774e-06
0.0,2.01,9.0,-0.03707961769114829
0.0,2.01,10.0,-0.008591899719675888
0.0,2.01,11.0,5.6870470971359666e-09
0.0,2.01,12.0,-8.071450081439946e-05
0.0,2.01,13.0,0.0438818983670283
0.0,2.01,14.0,0.0026928836844922546
0.0,2.01,15.0,0.0008904540980210901
0.0,2.01,16.0,-0.0009682102165199935
0.0,2.01,17.0,-0.06328669373852185
0.0,2.01,18.0,0.005255117316076335
0.0,2.01,19.0,-0.05079380522171112
0.0,2.01,20.0,0.041304032917699685
0.0,2.01,21.0,-1.0330270746317094e-06
1.0,0.01,0.0,0.0015199067979213554
1.0,0.01,1.0,2.7427916399452856e-05
1.0,0.01,2.0,0.00028120954328147985
1.0,0.01,3.0,-1.935115453433056e-07
1.0,0.01,4.0,1.2951195161148288e-05
1.0,0.01,5.0,-0.00033412250290389134
1.0,0.01,6.0,-1.7737733164713276e-05
1.0,0.01,7.0,-0.0003169905024646147
1.0,0.01,8.0,-4.967607870109969e-06
1.0,0.01,9.0,-0.00021957623678509064
1.0,0.01,10.0,-5.007988763960913e-05
1.0,0.01,11.0,5.67599434120325e-09
1.0,0.01,12.0,-3.179281113596666e-06
1.0,0.01,13.0,0.00024226665877483122
1.0,0.01,14.0,-6.091272398690145e-05
1.0,0.01,15.0,3.282237707832869e-06
1.0,0.01,16.0,-2.3398300467825095e-05
1.0,0.01,17.0,-0.0003598751446906301
1.0,0.01,18.0,3.6866044811928456e-05
1.0,0.01,19.0,-0.0003690596278990155
1.0,0.01,20.0,0.0003641266126767073
1.0,0.01,21.0,-1.0430663462956957e-06
1.0,0.51,0.0,0.08154617380863949
1.0,0.51,1.0,0.0016956212119667857
1.0,0.51,2.0,0.011808430207294829
1.0,0.51,3.0,-1.9351154460778286e-07
1.0,0.51,4.0,-0.005985855838859078
1.0,0.51,5.0,-0.016510654776910633
1.0,0.51,6.0,0.00019480403944044378
1.0,0.51,7.0,-0.015285526442360697
1.0,0.51,8.0,-4.967607809810981e-06
1.0,0.51,9.0,-0.0100522083421542
1.0,0.51,10.0,-0.0023366909116156465
1.0,0.51,11.0,5.675994327325462e-09
1.0,0.51,12.0,0.00017388059858469695
1.0,0.51,13.0,0.011492562950186497
1.0,0.51,14.0,0.0005452056350289183
1.0,0.51,15.0,0.000237420864644039
1.0,0.51,16.0,-1.5743767294462696e-05
1.0,0.51,17.0,-0.01740636304447421
1.0,0.51,18.0,0.0015405351334434325
1.0,0.51,19.0,-0.013830361346304554
1.0,0.51,20.0,0.010536045018254336
1.0,0.51,21.0,-1.0430663336113977e-06
1.0,1.01,0.0,0.16145730734155617
1.0,1.01,1.0,0.003353115874253909
1.0,1.01,2.0,0.023422899683408438
1.0,1.01,3.0,-1.9351153521252051e-07
1.0,1.01,4.0,-0.011247330292364632
1.0,1.01,5.0,-0.032655544918125
1.0,1.01,6.0,0.00019511945543138065
1.0,1.01,7.0,-0.030246614186801468
1.0,1.01,8.0,-4.9676071139717615e-06
1.0,1.01,9.0,-0.019916138263430333
1.0,1.01,10.0,-0.004645674826746882
1.0,1.01,11.0,5.675994271814311e-09
1.0,1.01,12.0,0.0002489317676390157
1.0,1.01,13.0,0.0227557879335262
1.0,1.01,14.0,0.0011652731487906617
1.0,1.01,15.0,0.0004724954029183548
1.0,1.01,16.0,-0.00024142513913988362
1.0,1.01,17.0,-0.034443288473339904
1.0,1.01,18.0,0.0030001959254253585
1.0,1.01,19.0,-0.02753884594410866
1.0,1.01,20.0,0.020698358740234457
1.0,1.01,21.0,-1.0430661875338032e-06
1.0,1.51,0.0,0.24097535785645663
1.0,1.51,1.0,0.004997220885288034
1.0,1.51,2.0,0.035082990919536206
1.0,1.51,3.0,-1.9351153972280155e-07
1.0,1.51,4.0,-0.016786267197242133
1.0,1.51,5.0,-0.04861178797003755
1.0,1.51,6.0,0.00030258957564588407
1.0,1.51,7.0,-0.04506624206923701
1.0,1.51,8.0,-4.967607439072819e-06
1.0,1.51,9.0,-0.029779179413322726
1.0,1.51,10.0,-0.006895373693572238
1.0,1.51,11.0,5.6759942995698864e-09
1.0,1.51,12.0,0.00035963464879296136
1.0,1.51,13.0,0.03401610155021151
1.0,1.51,14.0,0.0017628187485704341
1.0,1.51,15.0,0.0007070783404767439
1.0,1.51,16.0,-0.0003408867597038956
1.0,1.51,17.0,-0.05112078741321978
1.0,1.51,18.0,0.004429309114690361
1.0,1.51,19.0,-0.0412078546579151
1.0,1.51,20.0,0.031858042694422106
1.0,1.51,21.0,-1.043066255757008e-06
1.0,2.01,0.0,0.3023693873078275
1.0,2.01,1.0,0.006266240435031739
1.0,2.01,2.0,0.044012437660318704
1.0,2.01,3.0,-1.9351154335878196e-07
1.0,2.01,4.0,-0.02098329428697271
1.0,2.01,5.0,-0.06055706328773278
1.0,2.01,6.0,0.0003502749535140848
1.0,2.01,7.0,-0.056221868380647855
1.0,2.01,8.0,-4.967607711230115e-06
1.0,2.01,9.0,-0.037357920640544745
1.0,2.01,10.0,-0.008568822098492135
1.0,2.01,11.0,5.675994313447674e-09
1.0,2.01,12.0,0.00040214148779058045
1.0,2.01,13.0,0.04267208990993038
1.0,2.01,14.0,0.0022010057733484467
1.0,2.01,15.0,0.0008863390596913212
1.0,2.01,16.0,-0.00044354455344786103
1.0,2.01,17.0,-0.06316332773417124
1.0,2.01,18.0,0.005482819373482578
1.0,2.01,19.0,-0.05168687186927956
1.0,2.01,20.0,0.040172041070378195
1.0,2.01,21.0,-1.0430663128779827e-06
2.0,0.01,0.0,0.001542183622847415
2.0,0.01,1.0,2.9196728589891974e-05
2.0,0.01,2.0,0.00027400692731632814
2.0,0.01,3.0,-1.9353690959567071e-07
2.0,0.01,4.0,-6.898562427248844e-06
2.0,0.01,5.0,-0.0003357345916801674
2.0,0.01,6.0,-1.1591337117422551e-05
2.0,0.01,7.0,-0.0003119297578134117
2.0,0.01,8.0,-4.96820473189219e-06
2.0,0.01,9.0,-0.000213585472650768
2.0,0.01,10.0,-5.1006742483650225e-05
2.0,0.01,11.0,5.678522402297048e-09
2.0,0.01,12.0,-1.6619097845116393e-06
2.0,0.01,13.0,0.0002439620955277666
2.0,0.01,14.0,-7.852677937148639e-05
2.0,0.01,15.0,3.3293979415233155e-06
2.0,0.01,16.0,-1.7548369016462395e-05
2.0,0.01,17.0,-0.00035161119214603687
2.0,0.01,18.0,4.245416504208843e-05
2.0,0.01,19.0,-0.0003411658038101617
2.0,0.01,20.0,0.0003225738224171826
2.0,0.01,21.0,-1.0454791333491809e-06
2.0,0.51,0.0,0.0817161281664619
2.0,0.51,1.0,0.0017233334308762727
2.0,0.51,2.0,0.012038974561842941
2.0,0.51,3.0,-1.9353690910994814e-07
2.0,0.51,4.0,-0.006007545639241885
2.0,0.51,5.0,-0.016649293782422595
2.0,0.51,6.0,0.00020554321149501842
2.0,0.51,7.0,-0.015203589084134592
2.0,0.51,8.0,-4.968204693235612e-06
2.0,0.51,9.0,-0.01009850514309038
2.0,0.51,10.0,-0.002377229959541094
2.0,0.51,11.0,5.678522402297048e-09
2.0,0.51,12.0,5.785895710958e-05
2.0,0.51,13.0,0.011767507193222948
2.0,0.51,14.0,0.0005817048804764441
2.0,0.51,15.0,0.0002456400291203781
2.0,0.51,16.0,-1.8902249165397844e-05
2.0,0.51,17.0,-0.017166486679977208
2.0,0.51,18.0,0.0014888866470487427
2.0,0.51,19.0,-0.013481673155017748
2.0,0.51,20.0,0.010506991058365056
2.0,0.51,21.0,-1.0454791252723084e-06
2.0,1.01,0.0,0.16177334355611916
2.0,1.01,1.0,0.003408347986098015
2.0,1.01,2.0,0.023877492596003524
2.0,1.01,3.0,-1.935369001726528e-07
2.0,1.01,4.0,-0.01139909541397316
2.0,1.01,5.0,-0.03293541364325864
2.0,1.01,6.0,0.0002556714694732509
2.0,1.01,7.0,-0.03009069664357171
2.0,1.01,8.0,-4.968204029828782e-06
2.0,1.01,9.0,-0.02001300498169456
2.0,1.01,10.0,-0.004719612323219491
2.0,1.01,11.0,5.678522346785897e-09
2.0,1.01,12.0,3.625635914283887e-05
2.0,1.01,13.0,0.023302891439436035
2.0,1.01,14.0,0.0012531662096742988
2.0,1.01,15.0,0.0004887261394879161
2.0,1.01,16.0,-0.0002116900472379224
2.0,1.01,17.0,-0.03397365430826849
2.0,1.01,18.0,0.0028966974534231082
2.0,1.01,19.0,-0.02682529515558829
2.0,1.01,20.0,0.020541011181387125
2.0,1.01,21.0,-1.045478985661763e-06
2.0,1.51,0.0,0.24141394090907564
2.0,1.51,1.0,0.005075670508986274
2.0,1.51,2.0,0.03581635779806436
2.0,1.51,3.0,-1.935369042527224e-07
2.0,1.51,4.0,-0.016985098998112347
2.0,1.51,5.0,-0.049052363111356585
2.0,1.51,6.0,0.0003863666825229539
2.0,1.51,7.0,-0.04486187754619954
2.0,1.51,8.0,-4.968204325182801e-06
2.0,1.51,9.0,-0.02994009415668214
2.0,1.51,10.0,-0.007008265392446644
2.0,1.51,11.0,5.6785223745414726e-09
2.0,1.51,12.0,4.1087951386659105e-05
2.0,1.51,13.0,0.03485269410375724
2.0,1.51,14.0,0.0019053866979528364
2.0,1.51,15.0,0.0007319472587097448
2.0,1.51,16.0,-0.0003000456309202315
2.0,1.51,17.0,-0.05048548586760495
2.0,1.51,18.0,0.00426996556213266
2.0,1.51,19.0,-0.04018693982221522
2.0,1.51,20.0,0.03199148449882466
2.0,1.51,21.0,-1.0454790477787412e-06
2.0,2.01,0.0,0.30466986544203944
2.0,2.01,1.0,0.006400432814343521
2.0,2.01,2.0,0.045190202350896935
2.0,2.01,3.0,-1.935369079025806e-07
2.0,2.01,4.0,-0.021378303216093242
2.0,2.01,5.0,-0.06144873825005109
2.0,2.01,6.0,0.00045396423892174464
2.0,2.01,7.0,-0.05629518784301284
2.0,2.01,8.0,-4.968204597187442e-06
2.0,2.01,9.0,-0.037774330624654046
2.0,2.01,10.0,-0.008756180911334399
2.0,2.01,11.0,5.678522402297048e-09
2.0,2.01,12.0,-3.668849333782198e-07
2.0,2.01,13.0,0.04397191894033453
2.0,2.01,14.0,0.002398313029828139
2.0,2.01,15.0,0.0009225351717425528
2.0,2.01,16.0,-0.0003930212067808636
2.0,2.01,17.0,-0.06282226865235552
2.0,2.01,18.0,0.005307978279795705
2.0,2.01,19.0,-0.050695858747877576
2.0,2.01,20.0,0.040572215529978806
2.0,2.01,21.0,-1.0454791050384937e-06
3.0,0.01,0.0,0.0016101581507586005
3.0,0.01,1.0,3.186619820752523e-05
3.0,0.01,2.0,0.00023909586255282944
3.0,0.01,3.0,-1.935767100919028e-07
3.0,0.01,4.0,-1.2619333628172136e-05
3.0,0.01,5.0,-0.0003345850136773354
3.0,0.01,6.0,-2.4275474572343914e-05
3.0,0.01,7.0,-0.0003094957885766414
3.0,0.01,8.0,-4.9682383499519145e-06
3.0,0.01,9.0,-0.00019704058110475708
3.0,0.01,10.0,-5.427802205776322e-05
3.0,0.01,11.0,5.685984197367766e-09
3.0,0.01,12.0,-8.790919807377673e-06
3.0,0.01,13.0,0.0002288972860493288
3.0,0.01,14.0,-2.5245651303615335e-05
3.0,0.01,15.0,3.054531894489121e-06
3.0,0.01,16.0,-3.7465248098556e-05
3.0,0.01,17.0,-0.000357206263081139
3.0,0.01,18.0,3.3139736381332385e-05
3.0,0.01,19.0,-0.00030835961544850576
3.0,0.01,20.0,0.00020910422953374086
3.0,0.01,21.0,-1.0325514679943026e-06
3.0,0.51,0.0,0.08171271732023178
3.0,0.51,1.0,0.0017201715098338066
3.0,0.51,2.0,0.0117470251837824
3.0,0.51,3.0,-1.9357670931474669e-07
3.0,0.51,4.0,-0.006110834586014413
3.0,0.51,5.0,-0.01675474298877333
3.0,0.51,6.0,0.00020091116226444994
3.0,0.51,7.0,-0.015505806086453924
3.0,0.51,8.0,-4.9682382874879916e-06
3.0,0.51,9.0,-0.010035939415649925
3.0,0.51,10.0,-0.002387029859470813
3.0,0.51,11.0,5.685984197367766e-09
3.0,0.51,12.0,9.310336560755528e-05
3.0,0.51,13.0,0.011579027067208897
3.0,0.51,14.0,0.000919223183629532
3.0,0.51,15.0,0.00024237969701713935
3.0,0.51,16.0,-0.00033200201355398917
3.0,0.51,17.0,-0.017489298328941708
3.0,0.51,18.0,0.0013869221518467145
3.0,0.51,19.0,-0.013609345686743324
3.0,0.51,20.0,0.010531369981360006
3.0,0.51,21.0,-1.0325514550324488e-06
3.0,1.01,0.0,0.1617355141571376
3.0,1.01,1.0,0.0033998088898694323
3.0,1.01,2.0,0.023316385771373016
3.0,1.01,3.0,-1.9357669978070646e-07
3.0,1.01,4.0,-0.011529330427235529
3.0,1.01,5.0,-0.03313383613800222
3.0,1.01,6.0,0.00022733204332947565
3.0,1.01,7.0,-0.030683969760549837
3.0,1.01,8.0,-4.968237583169444e-06
3.0,1.01,9.0,-0.019896272739162085
3.0,1.01,10.0,-0.004740866299768831
3.0,1.01,11.0,5.685984141856615e-09
3.0,1.01,12.0,9.759997831784717e-05
3.0,1.01,13.0,0.02293365927615068
3.0,1.01,14.0,0.0018775878587145023
3.0,1.01,15.0,0.00048240255752705907
3.0,1.01,16.0,-0.0008470990371012843
3.0,1.01,17.0,-0.03458977188695853
3.0,1.01,18.0,0.002700339669899021
3.0,1.01,19.0,-0.02711825543941415
3.0,1.01,20.0,0.020617086743727142
3.0,1.01,21.0,-1.0325513086217875e-06
3.0,1.51,0.0,0.2412558457595022
3.0,1.51,1.0,0.005059143118117754
3.0,1.51,2.0,0.03498425255061416
3.0,1.51,3.0,-1.935767045269099e-07
3.0,1.51,4.0,-0.017126555686753586
3.0,1.51,5.0,-0.0492818197022741
3.0,1.51,6.0,0.0003353883595199614
3.0,1.51,7.0,-0.04569464320885644
3.0,1.51,8.0,-4.968237925583041e-06
3.0,1.51,9.0,-0.029764207714400193
3.0,1.51,10.0,-0.007028809567826533
3.0,1.51,11.0,5.685984183489978e-09
3.0,1.51,12.0,0.0001262445622844388
3.0,1.51,13.0,0.03429657473402084
3.0,1.51,14.0,0.0028112879262089177
3.0,1.51,15.0,0.0007223942059650934
3.0,1.51,16.0,-0.0012641014540525908
3.0,1.51,17.0,-0.05124305971967147
3.0,1.51,18.0,0.003973023109511475
3.0,1.51,19.0,-0.0406300864834786
3.0,1.51,20.0,0.032329485313784045
3.0,1.51,21.0,-1.032551379814839e-06
3.0,2.01,0.0,0.30200551239985496
3.0,2.01,1.0,0.0063295643808716495
3.0,2.01,2.0,0.04378830701332265
3.0,2.01,3.0,-1.935767081490125e-07
3.0,2.01,4.0,-0.021320324197053986
3.0,2.01,5.0,-0.06119218353861252
3.0,2.01,6.0,0.0003773712785250516
3.0,2.01,7.0,-0.05683720497979587
3.0,2.01,8.0,-4.968238195450503e-06
3.0,2.01,9.0,-0.037254880609057045
3.0,2.01,10.0,-0.008706725163060536
3.0,2.01,11.0,5.685984183489978e-09
3.0,2.01,12.0,0.00010181176799797798
3.0,2.01,13.0,0.042925986702868485
3.0,2.01,14.0,0.003497167978778623
3.0,2.01,15.0,0.0009035513934522732
3.0,2.01,16.0,-0.001610365871881514
3.0,2.01,17.0,-0.06296490061204335
3.0,2.01,18.0,0.00489668038357724
3.0,2.01,19.0,-0.05084415437526962
3.0,2.01,20.0,0.04055271439393504
3.0,2.01,21.0,-1.0325514358811017e-06
4.0,0.01,0.0,0.001574977692904489
4.0,0.01,1.0,3.0314207933868076e-05
4.0,0.01,2.0,0.0002580988315687982
4.0,0.01,3.0,-1.93554224356407e-07
4.0,0.01,4.0,-1.132646712254104e-06
4.0,0.01,5.0,-0.00033514571410121763
4.0,0.01,6.0,-1.8680755709321595e-05
4.0,0.01,7.0,-0.00030762146456317363
4.0,0.01,8.0,-4.96825632931297e-06
4.0,0.01,9.0,-0.00020802083316898146
4.0,0.01,10.0,-5.392387647590313e-05
4.0,0.01,11.0,5.681668954760077e-09
4.0,0.01,12.0,-4.441397356863552e-06
4.0,0.01,13.0,0.00023392167449351464
4.0,0.01,14.0,-5.593476427566413e-05
4.0,0.01,15.0,3.104900124117904e-06
4.0,0.01,16.0,-2.6328797606167686e-05
4.0,0.01,17.0,-0.000358531046691396
4.0,0.01,18.0,3.970910350215018e-05
4.0,0.01,19.0,-0.00032644157133088214
4.0,0.01,20.0,0.0002756141526770173
4.0,0.01,21.0,-1.0207782996096704e-06
4.0,0.51,0.0,0.08179999548997519
4.0,0.51,1.0,0.001719027732884043
4.0,0.51,2.0,0.01188298259146603
4.0,0.51,3.0,-1.935542238012955e-07
4.0,0.51,4.0,-0.005877346524912563
4.0,0.51,5.0,-0.016658280117773636
4.0,0.51,6.0,0.0002027135962762161
4.0,0.51,7.0,-0.015146057867293242
4.0,0.51,8.0,-4.968256284293426e-06
4.0,0.51,9.0,-0.010154639664456427
4.0,0.51,10.0,-0.0024247347390207175
4.0,0.51,11.0,5.681668954760077e-09
4.0,0.51,12.0,0.00014078150880231233
4.0,0.51,13.0,0.011519748770932259
4.0,0.51,14.0,0.0006660570138107905
4.0,0.51,15.0,0.00023974948586524825
4.0,0.51,16.0,-8.397713703989229e-05
4.0,0.51,17.0,-0.01748324107461187
4.0,0.51,18.0,0.001504234172698099
4.0,0.51,19.0,-0.01344721015315764
4.0,0.51,20.0,0.01061272417406961
4.0,0.51,21.0,-1.0207782904225748e-06
4.0,1.01,0.0,0.16192595542283705
4.0,1.01,1.0,0.0033991951872907877
4.0,1.01,2.0,0.023570700499289943
4.0,1.01,3.0,-1.9355421466971112e-07
4.0,1.01,4.0,-0.01111067155946377
4.0,1.01,5.0,-0.03294336666690956
4.0,1.01,6.0,0.00024060992763225153
4.0,1.01,7.0,-0.029969599583644382
4.0,1.01,8.0,-4.968255607799843e-06
4.0,1.01,9.0,-0.020125110347015585
4.0,1.01,10.0,-0.004814696058048296
4.0,1.01,11.0,5.681668899248926e-09
4.0,1.01,12.0,0.00019366893305092225
4.0,1.01,13.0,0.022811900616920927
4.0,1.01,14.0,0.001399742979740326
4.0,1.01,15.0,0.00047704815397897615
4.0,1.01,16.0,-0.0003436904568452914
4.0,1.01,17.0,-0.034577624389651666
4.0,1.01,18.0,0.002930057922131857
4.0,1.01,19.0,-0.026770917106158698
4.0,1.01,20.0,0.020757630097818724
4.0,1.01,21.0,-1.020778151367141e-06
4.0,1.51,0.0,0.24157555034388778
4.0,1.51,1.0,0.005060321555366065
4.0,1.51,2.0,0.035351875083453554
4.0,1.51,3.0,-1.9355421884692525e-07
4.0,1.51,4.0,-0.01652542570134946
4.0,1.51,5.0,-0.049010754686941174
4.0,1.51,6.0,0.00036099228651115256
4.0,1.51,7.0,-0.04463690252388465
4.0,1.51,8.0,-4.968255909634789e-06
4.0,1.51,9.0,-0.030102410633045723
4.0,1.51,10.0,-0.0071404342188999825
4.0,1.51,11.0,5.6816689408822896e-09
4.0,1.51,12.0,0.00027269946641020337
4.0,1.51,13.0,0.03411085615201667
4.0,1.51,14.0,0.0021101160609827904
4.0,1.51,15.0,0.000714286226600816
4.0,1.51,16.0,-0.0005027393284572912
4.0,1.51,17.0,-0.05124267835539857
4.0,1.51,18.0,0.004316542094199932
4.0,1.51,19.0,-0.04009812386969924
4.0,1.51,20.0,0.03237090381635804
4.0,1.51,21.0,-1.0207782134008525e-06
4.0,2.01,0.0,0.30402985961789
4.0,2.01,1.0,0.006364049826400847
4.0,2.01,2.0,0.044483701578216295
4.0,2.01,3.0,-1.9355422259392796e-07
4.0,2.01,4.0,-0.020687113165477222
4.0,2.01,5.0,-0.06116016160207282
4.0,2.01,6.0,0.00041717653717882053
4.0,2.01,7.0,-0.055796482129311556
4.0,2.01,8.0,-4.9682561900424305e-06
4.0,2.01,9.0,-0.037877002093559375
4.0,2.01,10.0,-0.00888722949008286
4.0,2.01,11.0,5.681668954760077e-09
4.0,2.01,12.0,0.00028844486809520564
4.0,2.01,13.0,0.04291955722171201
4.0,2.01,14.0,0.002637752877457454
4.0,2.01,15.0,0.000897982212590076
4.0,2.01,16.0,-0.0006522709035000074
4.0,2.01,17.0,-0.06324913708672168
4.0,2.01,18.0,0.0053507740579713525
4.0,2.01,19.0,-0.05044158973648072
4.0,2.01,20.0,0.04091993072635114
4.0,2.01,21.0,-1.020778270993672e-06
5.0,0.01,0.0,0.0015692414851067316
5.0,0.01,1.0,2.985351646483947e-05
5.0,0.01,2.0,0.0002566127439927457
5.0,0.01,3.0,-1.9354247916825162e-07
5.0,0.01,4.0,-1.7364977987210928e-06
5.0,0.01,5.0,-0.00033663909972642125
5.0,0.01,6.0,-1.7166077078023534e-05
5.0,0.01,7.0,-0.0003099345038518053
5.0,0.01,8.0,-4.968243876253553e-06
5.0,0.01,9.0,-0.0002062483247371738
5.0,0.01,10.0,-5.39344676981357e-05
5.0,0.01,11.0,5.68019131730324e-09
5.0,0.01,12.0,-2.0774726194883186e-06
5.0,0.01,13.0,0.00023770927574776057
5.0,0.01,14.0,-7.240762263442668e-05
5.0,0.01,15.0,3.189055860913781e-06
5.0,0.01,16.0,-2.6263444754148768e-05
5.0,0.01,17.0,-0.00035994232486165345
5.0,0.01,18.0,4.275135940612351e-05
5.0,0.01,19.0,-0.0003341541813319804
5.0,0.01,20.0,0.00029033592235327976
5.0,0.01,21.0,-1.0150319615653824e-06
5.0,0.51,0.0,0.0817456289177062
5.0,0.51,1.0,0.0017052118109301684
5.0,0.51,2.0,0.011713125902329757
5.0,0.51,3.0,-1.9354247869640684e-07
5.0,0.51,4.0,-0.006046620070716546
5.0,0.51,5.0,-0.01669489541644556
5.0,0.51,6.0,0.00021598331387417957
5.0,0.51,7.0,-0.015204539889105612
5.0,0.51,8.0,-4.968243838276987e-06
5.0,0.51,9.0,-0.009975519511430553
5.0,0.51,10.0,-0.0024403170956824316
5.0,0.51,11.0,5.68019131730324e-09
5.0,0.51,12.0,0.0001683032381327998
5.0,0.51,13.0,0.011645123986502998
5.0,0.51,14.0,0.0005887695619433489
5.0,0.51,15.0,0.00024208266765603226
5.0,0.51,16.0,-0.00012434910610553684
5.0,0.51,17.0,-0.01754581718225391
5.0,0.51,18.0,0.0015060773791907567
5.0,0.51,19.0,-0.013599098109671193
5.0,0.51,20.0,0.010727066766953286
5.0,0.51,21.0,-1.0150319537938213e-06
5.0,1.01,0.0,0.16183709557110537
5.0,1.01,1.0,0.003372768619466282
5.0,1.01,2.0,0.02322398394164199
5.0,1.01,3.0,-1.935424697591115e-07
5.0,1.01,4.0,-0.01144629375764955
5.0,1.01,5.0,-0.03301785580468636
5.0,1.01,6.0,0.00026271273345007673
5.0,1.01,7.0,-0.03008501405157714
5.0,1.01,8.0,-4.9682431750505684e-06
5.0,1.01,9.0,-0.019766728991635812
5.0,1.01,10.0,-0.004845483788063987
5.0,1.01,11.0,5.680191275669877e-09
5.0,1.01,12.0,0.00024811830303708704
5.0,1.01,13.0,0.023057182032402562
5.0,1.01,14.0,0.0012613454424441894
5.0,1.01,15.0,0.000481599160762361
5.0,1.01,16.0,-0.000428679902457485
5.0,1.01,17.0,-0.03470754505441335
5.0,1.01,18.0,0.0029303677773075687
5.0,1.01,19.0,-0.027060498466106975
5.0,1.01,20.0,0.02093953903139778
5.0,1.01,21.0,-1.0150318183743678e-06
5.0,1.51,0.0,0.24146657869145127
5.0,1.51,1.0,0.0050215461793269855
5.0,1.51,2.0,0.03482909958263808
5.0,1.51,3.0,-1.9354247370040323e-07
5.0,1.51,4.0,-0.01701555460734011
5.0,1.51,5.0,-0.049137763947728966
5.0,1.51,6.0,0.0003890528979034191
5.0,1.51,7.0,-0.044821125035666834
5.0,1.51,8.0,-4.968243459385624e-06
5.0,1.51,9.0,-0.02956905473549401
5.0,1.51,10.0,-0.007189760184431404
5.0,1.51,11.0,5.6801913034254525e-09
5.0,1.51,12.0,0.00035138150948152425
5.0,1.51,13.0,0.03447971359270002
5.0,1.51,14.0,0.001911668199509886
5.0,1.51,15.0,0.0007211541762738999
5.0,1.51,16.0,-0.0006373770780406796
5.0,1.51,17.0,-0.05147304262676267
5.0,1.51,18.0,0.004316194195123052
5.0,1.51,19.0,-0.04053533496774753
5.0,1.51,20.0,0.032636811011278744
5.0,1.51,21.0,-1.0150318763835209e-06
5.0,2.01,0.0,0.30457261703512273
5.0,2.01,1.0,0.006328982937530259
5.0,2.01,2.0,0.04392217061564979
5.0,2.01,3.0,-1.935424774890393e-07
5.0,2.01,4.0,-0.021349464941757768
5.0,2.01,5.0,-0.06146241642629435
5.0,2.01,6.0,0.0004517919364817047
5.0,2.01,7.0,-0.056158529763471965
5.0,2.01,8.0,-4.968243742492495e-06
5.0,2.01,9.0,-0.03728775161007894
5.0,2.01,10.0,-0.008969905013407109
5.0,2.01,11.0,5.68019131730324e-09
5.0,2.01,12.0,0.0003855943546123286
5.0,2.01,13.0,0.04347891812774354
5.0,2.01,14.0,0.0023970321722354
5.0,2.01,15.0,0.0009085179146054306
5.0,2.01,16.0,-0.0008260895730211604
5.0,2.01,17.0,-0.06372990439084238
5.0,2.01,18.0,0.005360936916644993
5.0,2.01,19.0,-0.05110495248858393
5.0,2.01,20.0,0.041332323381370606
5.0,2.01,21.0,-1.015031934253896e-06
6.0,0.01,0.0,0.0015680962164068557
6.0,0.01,1.0,2.9637187067804716e-05
6.0,0.01,2.0,0.000262939325707201
6.0,0.01,3.0,-1.9357435680766866e-07
6.0,0.01,4.0,-2.976974625701345e-07
6.0,0.01,5.0,-0.0003294816269032719
6.0,0.01,6.0,-2.2954783281292634e-05
6.0,0.01,7.0,-0.00030556616985991103
6.0,0.01,8.0,-4.968369364095893e-06
6.0,0.01,9.0,-0.00020424603245833284
6.0,0.01,10.0,-5.2837138541095285e-05
6.0,0.01,11.0,5.685637585739478e-09
6.0,0.01,12.0,-8.0389201403408e-06
6.0,0.01,13.0,0.00023631426515569043
6.0,0.01,14.0,-3.482417202986532e-05
6.0,0.01,15.0,3.03986505126308e-06
6.0,0.01,16.0,-3.577451758240979e-05
6.0,0.01,17.0,-0.00034926304445469236
6.0,0.01,18.0,3.2532825804176824e-05
6.0,0.01,19.0,-0.00033526723542548487
6.0,0.01,20.0,0.0002775035762134226
6.0,0.01,21.0,-1.0393660103413804e-06
6.0,0.51,0.0,0.08172474422982667
6.0,0.51,1.0,0.0016947461357976479
6.0,0.51,2.0,0.012021191425368005
6.0,0.51,3.0,-1.935743559750014e-07
6.0,0.51,4.0,-0.006110394380374307
6.0,0.51,5.0,-0.01648519667215713
6.0,0.51,6.0,0.00015140743254521416
6.0,0.51,7.0,-0.015124672251597956
6.0,0.51,8.0,-4.96836929698985e-06
6.0,0.51,9.0,-0.009956096282395077
6.0,0.51,10.0,-0.0023906159095701818
6.0,0.51,11.0,5.68563757186169e-09
6.0,0.51,12.0,8.140154255720233e-05
6.0,0.51,13.0,0.011634251044046057
6.0,0.51,14.0,0.0008816488752325866
6.0,0.51,15.0,0.00023533384345067465
6.0,0.51,16.0,-0.0003784789527129795
6.0,0.51,17.0,-0.017072071725003024
6.0,0.51,18.0,0.00139283230258061
6.0,0.51,19.0,-0.01382844836763597
6.0,0.51,20.0,0.010644425453065653
6.0,0.51,21.0,-1.0393659963248147e-06
6.0,1.01,0.0,0.16177394631425024
6.0,1.01,1.0,0.0033507905104626923
6.0,1.01,2.0,0.023854792303020178
6.0,1.01,3.0,-1.9357434739852852e-07
6.0,1.01,4.0,-0.011569376818612975
6.0,1.01,5.0,-0.032612718036928695
6.0,1.01,6.0,0.000141466313620775
6.0,1.01,7.0,-0.02993876463598899
6.0,1.01,8.0,-4.9683686607696065e-06
6.0,1.01,9.0,-0.019737518176438984
6.0,1.01,10.0,-0.004748860275685718
6.0,1.01,11.0,5.685637530228327e-09
6.0,1.01,12.0,8.068728380269952e-05
6.0,1.01,13.0,0.02304277553932818
6.0,1.01,14.0,0.0018118719884802417
6.0,1.01,15.0,0.0004683875569750223
6.0,1.01,16.0,-0.0009230858287173627
6.0,1.01,17.0,-0.03378613087416027
6.0,1.01,18.0,0.0027143734382527596
6.0,1.01,19.0,-0.027535698361115357
6.0,1.01,20.0,0.020828662171263723
6.0,1.01,21.0,-1.0393658632645852e-06
6.0,1.51,0.0,0.24139014644357593
6.0,1.51,1.0,0.004988598819454848
6.0,1.51,2.0,0.03580282095619142
6.0,1.51,3.0,-1.9357435113165344e-07
6.0,1.51,4.0,-0.017203227016153233
6.0,1.51,5.0,-0.04857510264571179
6.0,1.51,6.0,0.00021153941000440213
6.0,1.51,7.0,-0.04463905530275977
6.0,1.51,8.0,-4.968368929207656e-06
6.0,1.51,9.0,-0.029536354134789167
6.0,1.51,10.0,-0.007053197981042203
6.0,1.51,11.0,5.6856375579839025e-09
6.0,1.51,12.0,0.00010644185058064637
6.0,1.51,13.0,0.034469742365335565
6.0,1.51,14.0,0.0027219775618352107
6.0,1.51,15.0,0.0007016681002533082
6.0,1.51,16.0,-0.0013751646656663952
6.0,1.51,17.0,-0.05019178430489162
6.0,1.51,18.0,0.004003100381809732
6.0,1.51,19.0,-0.04126494185313806
6.0,1.51,20.0,0.03257345096641667
6.0,1.51,21.0,-1.0393659193863591e-06
6.0,2.01,0.0,0.3056340248171624
6.0,2.01,1.0,0.006310677993329239
6.0,2.01,2.0,0.04532043060123231
6.0,2.01,3.0,-1.93574354823145e-07
6.0,2.01,4.0,-0.02168811011586025
6.0,2.01,5.0,-0.061033211281636
6.0,2.01,6.0,0.0002301032081929999
6.0,2.01,7.0,-0.05617905370551912
6.0,2.01,8.0,-4.968369206034828e-06
6.0,2.01,9.0,-0.03738707017424542
6.0,2.01,10.0,-0.008839826799496131
6.0,2.01,11.0,5.68563757186169e-09
6.0,2.01,12.0,8.112749878141923e-05
6.0,2.01,13.0,0.043630131746656614
6.0,2.01,14.0,0.0034266314607212384
6.0,2.01,15.0,0.0008871404877553168
6.0,2.01,16.0,-0.0017633354809559743
6.0,2.01,17.0,-0.06255738139243094
6.0,2.01,18.0,0.004991457447582726
6.0,2.01,19.0,-0.05222421979629055
6.0,2.01,20.0,0.04133163425986952
6.0,2.01,21.0,-1.0393659772844899e-06
7.0,0.01,0.0,0.0016172470850565057
7.0,0.01,1.0,3.1524931575349635e-05
7.0,0.01,2.0,0.00024361686811508187
7.0,0.01,3.0,-1.9359510589067597e-07
7.0,0.01,4.0,9.181133288238552e-06
7.0,0.01,5.0,-0.00033663175013014246
7.0,0.01,6.0,-2.5459200924671244e-05
7.0,0.01,7.0,-0.00030030017549764754
7.0,0.01,8.0,-4.968986421514943e-06
7.0,0.01,9.0,-0.0001941546081028478
7.0,0.01,10.0,-5.576054534295327e-05
7.0,0.01,11.0,5.687427376277476e-09
7.0,0.01,12.0,-7.121266290210926e-06
7.0,0.01,13.0,0.00022850009353755918
7.0,0.01,14.0,-6.421486152133338e-05
7.0,0.01,15.0,2.9617438851436972e-06
7.0,0.01,16.0,-3.7422747155568814e-05
7.0,0.01,17.0,-0.000353340816629813
7.0,0.01,18.0,4.440430826255226e-05
7.0,0.01,19.0,-0.00031900562949932487
7.0,0.01,20.0,0.00021009563282270438
7.0,0.01,21.0,-1.0177227985075366e-06
7.0,0.51,0.0,0.08172213165073117
7.0,0.51,1.0,0.001697139802056824
7.0,0.51,2.0,0.011960353271386781
7.0,0.51,3.0,-1.9359510514127543e-07
7.0,0.51,4.0,-0.005977804789895513
7.0,0.51,5.0,-0.016822303422876578
7.0,0.51,6.0,0.0002423377213204292
7.0,0.51,7.0,-0.015009108963152856
7.0,0.51,8.0,-4.968986361361671e-06
7.0,0.51,9.0,-0.009904871328539955
7.0,0.51,10.0,-0.0023960091569241726
7.0,0.51,11.0,5.6874273623996885e-09
7.0,0.51,12.0,0.00013750788535196734
7.0,0.51,13.0,0.01156388096889624
7.0,0.51,14.0,0.0006092623806469369
7.0,0.51,15.0,0.0002383200866934443
7.0,0.51,16.0,-0.00012815221166606605
7.0,0.51,17.0,-0.01727249714072153
7.0,0.51,18.0,0.0015570796529254805
7.0,0.51,19.0,-0.013805970062948703
7.0,0.51,20.0,0.010576182186778027
7.0,0.51,21.0,-1.017722786184061e-06
7.0,1.01,0.0,0.16174540480501076
7.0,1.01,1.0,0.0033544896350326814
7.0,1.01,2.0,0.023740949599965866
7.0,1.01,3.0,-1.9359509578764644e-07
7.0,1.01,4.0,-0.011294899483858423
7.0,1.01,5.0,-0.033271124163684856
7.0,1.01,6.0,0.0003176136437568755
7.0,1.01,7.0,-0.029704474943321665
7.0,1.01,8.0,-4.968985669220882e-06
7.0,1.01,9.0,-0.01963795066270299
7.0,1.01,10.0,-0.0047576805473650285
7.0,1.01,11.0,5.687427320766325e-09
7.0,1.01,12.0,0.00018574827545236872
7.0,1.01,13.0,0.022904740492636105
7.0,1.01,14.0,0.0012951745030367542
7.0,1.01,15.0,0.0004743492501206037
7.0,1.01,16.0,-0.0004419341267511978
7.0,1.01,17.0,-0.0341698377907219
7.0,1.01,18.0,0.003030890007691578
7.0,1.01,19.0,-0.02749975144229283
7.0,1.01,20.0,0.020737687330194488
7.0,1.01,21.0,-1.0177226444640919e-06
7.0,1.51,0.0,0.24129946955888748
7.0,1.51,1.0,0.004992995709226733
7.0,1.51,2.0,0.03562280271837648
7.0,1.51,3.0,-1.93595100395072e-07
7.0,1.51,4.0,-0.01680460167117359
7.0,1.51,5.0,-0.049510500263870084
7.0,1.51,6.0,0.0004752124736467911
7.0,1.51,7.0,-0.04425598169985137
7.0,1.51,8.0,-4.968986002273912e-06
7.0,1.51,9.0,-0.029380959606361418
7.0,1.51,10.0,-0.007056827436645208
7.0,1.51,11.0,5.687427348521901e-09
7.0,1.51,12.0,0.00026042824549929455
7.0,1.51,13.0,0.034255612753073234
7.0,1.51,14.0,0.001959268888072095
7.0,1.51,15.0,0.0007103831396720051
7.0,1.51,16.0,-0.000649163764791183
7.0,1.51,17.0,-0.050683502671243504
7.0,1.51,18.0,0.004462886663546828
7.0,1.51,19.0,-0.041200308583171585
7.0,1.51,20.0,0.032465548971309766
7.0,1.51,21.0,-1.0177227126872967e-06
7.0,2.01,0.0,0.30303029134137793
7.0,2.01,1.0,0.006266135463005473
7.0,2.01,2.0,0.04473116960883594
7.0,2.01,3.0,-1.9359510398941904e-07
7.0,2.01,4.0,-0.021011643237956623
7.0,2.01,5.0,-0.06168688966548812
7.0,2.01,6.0,0.000555093453829647
7.0,2.01,7.0,-0.055238614931309035
7.0,2.01,8.0,-4.968986271322584e-06
7.0,2.01,9.0,-0.03689270944010825
7.0,2.01,10.0,-0.008770201856416804
7.0,2.01,11.0,5.687427376277476e-09
7.0,2.01,12.0,0.0002695311364505626
7.0,2.01,13.0,0.04301141518098317
7.0,2.01,14.0,0.0024492982697188193
7.0,2.01,15.0,0.0008912569659393355
7.0,2.01,16.0,-0.0008395952757048186
7.0,2.01,17.0,-0.06259298530508454
7.0,2.01,18.0,0.00552050903586504
7.0,2.01,19.0,-0.051724366353285645
7.0,2.01,20.0,0.040878824837976724
7.0,2.01,21.0,-1.0177227677543588e-06
8.0,0.01,0.0,0.0015807968356361668
8.0,0.01,1.0,3.097545995736639e-05
8.0,0.01,2.0,0.0002520842142536006
8.0,0.01,3.0,-1.9356996486252775e-07
8.0,0.01,4.0,-1.1583700519179896e-05
8.0,0.01,5.0,-0.0003343676829250797
8.0,0.01,6.0,-1.8350100293218485e-05
8.0,0.01,7.0,-0.0003074682212832469
8.0,0.01,8.0,-4.968430858905137e-06
8.0,0.01,9.0,-0.00020388991659842093
8.0,0.01,10.0,-5.251175684622966e-05
8.0,0.01,11.0,5.6843436901932165e-09
8.0,0.01,12.0,-6.566994051659947e-06
8.0,0.01,13.0,0.00023311066225520372
8.0,0.01,14.0,-3.725461175763112e-05
8.0,0.01,15.0,3.1927094061717787e-06
8.0,0.01,16.0,-2.5953654824939498e-05
8.0,0.01,17.0,-0.0003575267572478169
8.0,0.01,18.0,3.570835132934991e-05
8.0,0.01,19.0,-0.000327507567300378
8.0,0.01,20.0,0.00026813839695161157
8.0,0.01,21.0,-1.020387603800632e-06
8.0,0.51,0.0,0.08187972768473473
8.0,0.51,1.0,0.0017382381968346905
8.0,0.51,2.0,0.011769569911427913
8.0,0.51,3.0,-1.9356996407149385e-07
8.0,0.51,4.0,-0.006183537587076016
8.0,0.51,5.0,-0.01669238378000734
8.0,0.51,6.0,0.00025202807398844174
8.0,0.51,7.0,-0.01523744424537056
8.0,0.51,8.0,-4.968430794123624e-06
8.0,0.51,9.0,-0.010044319650788391
8.0,0.51,10.0,-0.0023679403932267418
8.0,0.51,11.0,5.6843436901932165e-09
8.0,0.51,12.0,9.81374134698676e-05
8.0,0.51,13.0,0.01154742125355998
8.0,0.51,14.0,0.0008822388549823007
8.0,0.51,15.0,0.00024439716312635307
8.0,0.51,16.0,-1.3588347297810444e-05
8.0,0.51,17.0,-0.017484492455920403
8.0,0.51,18.0,0.0014709167226627795
8.0,0.51,19.0,-0.013769110971121101
8.0,0.51,20.0,0.010786301397627984
8.0,0.51,21.0,-1.0203875905057114e-06
8.0,1.01,0.0,0.16206183518101125
8.0,1.01,1.0,0.003435894837742315
8.0,1.01,2.0,0.023360373415216962
8.0,1.01,3.0,-1.935699548982761e-07
8.0,1.01,4.0,-0.01172001174631071
8.0,1.01,5.0,-0.03301804107475534
8.0,1.01,6.0,0.00034586059186536566
8.0,1.01,7.0,-0.030158724177004118
8.0,1.01,8.0,-4.968430114674072e-06
8.0,1.01,9.0,-0.019913989026454332
8.0,1.01,10.0,-0.004702011130769568
8.0,1.01,11.0,5.684343648559853e-09
8.0,1.01,12.0,0.00011251811248316756
8.0,1.01,13.0,0.022872571486656057
8.0,1.01,14.0,0.0018145788100511276
8.0,1.01,15.0,0.000486383152334402
8.0,1.01,16.0,-0.00020055621405451474
8.0,1.01,17.0,-0.034594526362435256
8.0,1.01,18.0,0.0028666681268935124
8.0,1.01,19.0,-0.027425520130008152
8.0,1.01,20.0,0.021154462856115996
8.0,1.01,21.0,-1.020387451033944e-06
8.0,1.51,0.0,0.24178240395684236
8.0,1.51,1.0,0.005114328728299894
8.0,1.51,2.0,0.035048790397493035
8.0,1.51,3.0,-1.9356995925590148e-07
8.0,1.51,4.0,-0.01742691913844374
8.0,1.51,5.0,-0.049145328846058954
8.0,1.51,6.0,0.0005126375059588129
8.0,1.51,7.0,-0.04493976313272094
8.0,1.51,8.0,-4.968430429956594e-06
8.0,1.51,9.0,-0.029793054016645365
8.0,1.51,10.0,-0.006977149121023651
8.0,1.51,11.0,5.684343662437641e-09
8.0,1.51,12.0,0.00015103543778188788
8.0,1.51,13.0,0.03420782904859063
8.0,1.51,14.0,0.0027248771553367926
8.0,1.51,15.0,0.0007284008389134289
8.0,1.51,16.0,-0.0002931650310736278
8.0,1.51,17.0,-0.051338741208442826
8.0,1.51,18.0,0.004223263752736683
8.0,1.51,19.0,-0.04109274568006044
8.0,1.51,20.0,0.033076719379933284
8.0,1.51,21.0,-1.020387515704435e-06
8.0,2.01,0.0,0.30349262279521116
8.0,2.01,1.0,0.0064154794437689955
8.0,2.01,2.0,0.043987986625024844
8.0,2.01,3.0,-1.935699628641263e-07
8.0,2.01,4.0,-0.021783079069291333
8.0,2.01,5.0,-0.06122720192848754
8.0,2.01,6.0,0.0006028159542708633
8.0,2.01,7.0,-0.056079158492692446
8.0,2.01,8.0,-4.968430699615889e-06
8.0,2.01,9.0,-0.037391260231152995
8.0,2.01,10.0,-0.008671445830270796
8.0,2.01,11.0,5.6843436901932165e-09
8.0,2.01,12.0,0.0001360012752919526
8.0,2.01,13.0,0.0429302597716569
8.0,2.01,14.0,0.0034030756203879756
8.0,2.01,15.0,0.0009134020802929327
8.0,2.01,16.0,-0.00039216262936142554
8.0,2.01,17.0,-0.06343122643813276
8.0,2.01,18.0,0.005224295334744
8.0,2.01,19.0,-0.05156398162641268
8.0,2.01,20.0,0.04161290751907415
8.0,2.01,21.0,-1.0203875711323196e-06
9.0,0.01,0.0,0.0015548998601903063
9.0,0.01,1.0,3.0033439152615804e-05
9.0,0.01,2.0,0.00025868161159764425
9.0,0.01,3.0,-1.9353564335855555e-07
9.0,0.01,4.0,-1.8456917961040542e-05
9.0,0.01,5.0,-0.00033114845139757543
9.0,0.01,6.0,-1.3197539225906496e-05
9.0,0.01,7.0,-0.0003127852362104777
9.0,0.01,8.0,-4.968438532024222e-06
9.0,0.01,9.0,-0.00020927598039083284
9.0,0.01,10.0,-5.128336278453771e-05
9.0,0.01,11.0,5.678114312068772e-09
9.0,0.01,12.0,-2.764746371203275e-06
9.0,0.01,13.0,0.0002374576697022901
9.0,0.01,14.0,-5.087965949412965e-05
9.0,0.01,15.0,3.123889727785212e-06
9.0,0.01,16.0,-1.9957285739002906e-05
9.0,0.01,17.0,-0.0003564811856087563
9.0,0.01,18.0,3.795309627160903e-05
9.0,0.01,19.0,-0.0003335775138416097
9.0,0.01,20.0,0.0003064613797066351
9.0,0.01,21.0,-1.022495242003485e-06
9.0,0.51,0.0,0.08171306191802807
9.0,0.51,1.0,0.001729344466881555
9.0,0.51,2.0,0.011706734555790854
9.0,0.51,3.0,-1.9353564287283298e-07
9.0,0.51,4.0,-0.0060207872654765016
9.0,0.51,5.0,-0.016465164856828016
9.0,0.51,6.0,0.00017200263020106243
9.0,0.51,7.0,-0.015360966156103259
9.0,0.51,8.0,-4.968438493568872e-06
9.0,0.51,9.0,-0.010057443251049791
9.0,0.51,10.0,-0.002385331160269233
9.0,0.51,11.0,5.678114312068772e-09
9.0,0.51,12.0,0.00010392869068778787
9.0,0.51,13.0,0.011582735184248627
9.0,0.51,14.0,0.0008049887109981627
9.0,0.51,15.0,0.0002395485805790909
9.0,0.51,16.0,-8.570696825949131e-05
9.0,0.51,17.0,-0.017437006137936806
9.0,0.51,18.0,0.0014763373456441742
9.0,0.51,19.0,-0.013697540041104739
9.0,0.51,20.0,0.010799378635675982
9.0,0.51,21.0,-1.022495234093146e-06
9.0,1.01,0.0,0.16171016763434254
9.0,1.01,1.0,0.0034164838727414326
9.0,1.01,2.0,0.02325436817800236
9.0,1.01,3.0,-1.9353563286694797e-07
9.0,1.01,4.0,-0.011383524825710922
9.0,1.01,5.0,-0.032569999977289266
9.0,1.01,6.0,0.00018624677015205426
9.0,1.01,7.0,-0.030404859887684862
9.0,1.01,8.0,-4.968437755423216e-06
9.0,1.01,9.0,-0.019942921042064632
9.0,1.01,10.0,-0.004735355979976152
9.0,1.01,11.0,5.67811425655762e-09
9.0,1.01,12.0,0.00012550777909975386
9.0,1.01,13.0,0.022948466456489763
9.0,1.01,14.0,0.0016731498177764426
9.0,1.01,15.0,0.00047698817415421646
9.0,1.01,16.0,-0.0003474378917824872
9.0,1.01,17.0,-0.03450211966290354
9.0,1.01,18.0,0.0028733495600179737
9.0,1.01,19.0,-0.027293919270884648
9.0,1.01,20.0,0.02142774651642093
9.0,1.01,21.0,-1.0224950822146361e-06
9.0,1.51,0.0,0.24133351027394268
9.0,1.51,1.0,0.005091234274358286
9.0,1.51,2.0,0.03482804249180549
9.0,1.51,3.0,-1.9353563815438513e-07
9.0,1.51,4.0,-0.017017036078498138
9.0,1.51,5.0,-0.04848145066401382
9.0,1.51,6.0,0.00029753814439098525
9.0,1.51,7.0,-0.04529826326347988
9.0,1.51,8.0,-4.968438135799502e-06
9.0,1.51,9.0,-0.029818441731589374
9.0,1.51,10.0,-0.007026730582722129
9.0,1.51,11.0,5.678114284313196e-09
9.0,1.51,12.0,0.0001804014324262304
9.0,1.51,13.0,0.034303471290694054
9.0,1.51,14.0,0.002516682707736341
9.0,1.51,15.0,0.000713734124177981
9.0,1.51,16.0,-0.0004864737118239759
9.0,1.51,17.0,-0.05119739485988419
9.0,1.51,18.0,0.004242797137870957
9.0,1.51,19.0,-0.040831869523350606
9.0,1.51,20.0,0.03295981607692011
9.0,1.51,21.0,-1.0224951604853594e-06
9.0,2.01,0.0,0.3006966158531048
9.0,2.01,1.0,0.006340493356785798
9.0,2.01,2.0,0.04339141514868866
9.0,2.01,3.0,-1.935356416099543e-07
9.0,2.01,4.0,-0.021147900118090812
9.0,2.01,5.0,-0.060023454523584215
9.0,2.01,6.0,0.0003514591426817537
9.0,2.01,7.0,-0.05615127605606632
9.0,2.01,8.0,-4.968438393378183e-06
9.0,2.01,9.0,-0.0371496963330189
9.0,2.01,10.0,-0.00867983209152634
9.0,2.01,11.0,5.678114298190984e-09
9.0,2.01,12.0,0.00018641650937237242
9.0,2.01,13.0,0.04273592605601492
9.0,2.01,14.0,0.0031238631617416038
9.0,2.01,15.0,0.0008887239745054981
9.0,2.01,16.0,-0.0006097425776832033
9.0,2.01,17.0,-0.06289421851675553
9.0,2.01,18.0,0.005222714830857955
9.0,2.01,19.0,-0.05085885247243982
9.0,2.01,20.0,0.04129345758463493
9.0,2.01,21.0,-1.0224952134985088e-06
10.0,0.01,0.0,0.0015853534430677607
10.0,0.01,1.0,3.053504526848161e-05
10.0,0.01,2.0,0.0002491245118017016
10.0,0.01,3.0,-1.9356479455390208e-07
10.0,0.01,4.0,1.6322464549967108e-06
10.0,0.01,5.0,-0.0003330867093024603
10.0,0.01,6.0,-1.9805548317541888e-05
10.0,0.01,7.0,-0.0003043045381555254
10.0,0.01,8.0,-4.968729396419291e-06
10.0,0.01,9.0,-0.00020277594964765444
10.0,0.01,10.0,-5.3217322607268525e-05
10.0,0.01,11.0,5.682238887749769e-09
10.0,0.01,12.0,-4.2309524824479805e-06
10.0,0.01,13.0,0.00023464439574033547
10.0,0.01,14.0,-6.892477838375127e-05
10.0,0.01,15.0,3.054997230897416e-06
10.0,0.01,16.0,-2.6899252517309513e-05
10.0,0.01,17.0,-0.0003495714479945511
10.0,0.01,18.0,4.378214624589649e-05
10.0,0.01,19.0,-0.0003278928568826167
10.0,0.01,20.0,0.0002529761175341094
10.0,0.01,21.0,-1.033245666498539e-06
10.0,0.51,0.0,0.08150728257756334
10.0,0.51,1.0,0.001700570315091604
10.0,0.51,2.0,0.011745628935786012
10.0,0.51,3.0,-1.935647940681795e-07
10.0,0.51,4.0,-0.005864341609923718
10.0,0.51,5.0,-0.01660788862203562
10.0,0.51,6.0,0.0002298481595022217
10.0,0.51,7.0,-0.015077241738343447
10.0,0.51,8.0,-4.968729357637813e-06
10.0,0.51,9.0,-0.010042145278005898
10.0,0.51,10.0,-0.002364985543465592
10.0,0.51,11.0,5.682238859994193e-09
10.0,0.51,12.0,0.0001470182451074331
10.0,0.51,13.0,0.011662443398958583
10.0,0.51,14.0,0.0005685874308171482
10.0,0.51,15.0,0.00023994927277305733
10.0,0.51,16.0,5.705232531405535e-07
10.0,0.51,17.0,-0.017108594005457264
10.0,0.51,18.0,0.0015613889877715559
10.0,0.51,19.0,-0.01380420462088533
10.0,0.51,20.0,0.010612568532697542
10.0,0.51,21.0,-1.033245658449422e-06
10.0,1.01,0.0,0.16135184878795128
10.0,1.01,1.0,0.003362603649212814
10.0,1.01,2.0,0.02330104652441356
10.0,1.01,3.0,-1.9356478475618388e-07
10.0,1.01,4.0,-0.011074792237699194
10.0,1.01,5.0,-0.03285148235194796
10.0,1.01,6.0,0.0002926147849506844
10.0,1.01,7.0,-0.029840018100583426
10.0,1.01,8.0,-4.968728667079092e-06
10.0,1.01,9.0,-0.019903860274203766
10.0,1.01,10.0,-0.00469737849238111
10.0,1.01,11.0,5.68223881836083e-09
10.0,1.01,12.0,0.00020549704367769928
10.0,1.01,13.0,0.023095946243882004
10.0,1.01,14.0,0.0012183631985864599
10.0,1.01,15.0,0.0004775213979032189
10.0,1.01,16.0,-0.00018133930854219438
10.0,1.01,17.0,-0.033853856280257326
10.0,1.01,18.0,0.003040508452341245
10.0,1.01,19.0,-0.02748168106885923
10.0,1.01,20.0,0.02076322189301022
10.0,1.01,21.0,-1.0332455148420738e-06
10.0,1.51,0.0,0.240758686407345
10.0,1.51,1.0,0.00500665266410541
10.0,1.51,2.0,0.034952195297455246
10.0,1.51,3.0,-1.935647892803427e-07
10.0,1.51,4.0,-0.016493724333547122
10.0,1.51,5.0,-0.04891369896886237
10.0,1.51,6.0,0.0004425604215087531
10.0,1.51,7.0,-0.04447692169659394
10.0,1.51,8.0,-4.968728993443028e-06
10.0,1.51,9.0,-0.029777856108187728
10.0,1.51,10.0,-0.006972292088761545
10.0,1.51,11.0,5.682238846116405e-09
10.0,1.51,12.0,0.0002933146362255612
10.0,1.51,13.0,0.03454252919736675
10.0,1.51,14.0,0.0018475609619207356
10.0,1.51,15.0,0.0007151695961003651
10.0,1.51,16.0,-0.0002570181732107213
10.0,1.51,17.0,-0.050266840979377087
10.0,1.51,18.0,0.004483745713475318
10.0,1.51,19.0,-0.04116494872829024
10.0,1.51,20.0,0.03238767362981104
10.0,1.51,21.0,-1.0332455827322118e-06
10.0,2.01,0.0,0.3028043984896621
10.0,2.01,1.0,0.006292352107463206
10.0,2.01,2.0,0.04395265499180917
10.0,2.01,3.0,-1.9356479288856754e-07
10.0,2.01,4.0,-0.020675157492645535
10.0,2.01,5.0,-0.06106920364239125
10.0,2.01,6.0,0.000524706629308147
10.0,2.01,7.0,-0.05561857354462581
10.0,2.01,8.0,-4.968729263601923e-06
10.0,2.01,9.0,-0.037444577392342776
10.0,2.01,10.0,-0.008682770736449297
10.0,2.01,11.0,5.682238873871981e-09
10.0,2.01,12.0,0.00031757212572491866
10.0,2.01,13.0,0.04343454294920823
10.0,2.01,14.0,0.0023146275684373177
10.0,2.01,15.0,0.0008985023797841163
10.0,2.01,16.0,-0.00033993736830439936
10.0,2.01,17.0,-0.06227207768489816
10.0,2.01,18.0,0.005560541182504347
10.0,2.01,19.0,-0.05175469454371334
10.0,2.01,20.0,0.04092367703606431
10.0,2.01,21.0,-1.0332456389094968e-06
11.0,0.01,0.0,0.0016218008320187938
11.0,0.01,1.0,3.351732687914555e-05
11.0,0.01,2.0,0.00024066589851418074
11.0,0.01,3.0,-1.9359491924830774e-07
11.0,0.01,4.0,7.02663915552737e-06
11.0,0.01,5.0,-0.0003343884547822029
11.0,0.01,6.0,-2.640502669076783e-05
11.0,0.01,7.0,-0.0003000532188730809
11.0,0.01,8.0,-4.968682466674479e-06
11.0,0.01,9.0,-0.00019479318168269533
11.0,0.01,10.0,-5.637741192604517e-05
11.0,0.01,11.0,5.688525442359982e-09
11.0,0.01,12.0,-1.01322811071336e-05
11.0,0.01,13.0,0.00023818002487363543
11.0,0.01,14.0,-4.7316189828956745e-05
11.0,0.01,15.0,3.2446829310028846e-06
11.0,0.01,16.0,-3.6402158706982934e-05
11.0,0.01,17.0,-0.000357222984027572
11.0,0.01,18.0,3.89748093136133e-05
11.0,0.01,19.0,-0.00031334254335196876
11.0,0.01,20.0,0.00019990970524963458
11.0,0.01,21.0,-1.015448570340638e-06
11.0,0.51,0.0,0.08186540128407427
11.0,0.51,1.0,0.0018021265265779074
11.0,0.51,2.0,0.01189175053164282
11.0,0.51,3.0,-1.9359491833237374e-07
11.0,0.51,4.0,-0.006003913724298149
11.0,0.51,5.0,-0.016748986468995017
11.0,0.51,6.0,0.000255989456973027
11.0,0.51,7.0,-0.015046127782694832
11.0,0.51,8.0,-4.968682393441393e-06
11.0,0.51,9.0,-0.009988293032008544
11.0,0.51,10.0,-0.0024318485104535825
11.0,0.51,11.0,5.688525428482194e-09
11.0,0.51,12.0,5.7117887424656955e-05
11.0,0.51,13.0,0.012089117529257842
11.0,0.51,14.0,0.0007765916752993512
11.0,0.51,15.0,0.0002524100028680337
11.0,0.51,16.0,-9.643865044894895e-05
11.0,0.51,17.0,-0.017482401734053438
11.0,0.51,18.0,0.0014796802352703697
11.0,0.51,19.0,-0.013707957775636048
11.0,0.51,20.0,0.010518926722317412
11.0,0.51,21.0,-1.0154485553803827e-06
11.0,1.01,0.0,0.16201806545737296
11.0,1.01,1.0,0.0035607646084233335
11.0,1.01,2.0,0.02361092129388226
11.0,1.01,3.0,-1.9359490877057794e-07
11.0,1.01,4.0,-0.01133417196621217
11.0,1.01,5.0,-0.033125492483053354
11.0,1.01,6.0,0.0003443398575968537
11.0,1.01,7.0,-0.029778272783931733
11.0,1.01,8.0,-4.9686816872424044e-06
11.0,1.01,9.0,-0.019806425353612406
11.0,1.01,10.0,-0.00482804593527153
11.0,1.01,11.0,5.688525372971043e-09
11.0,1.01,12.0,2.74565853687625e-05
11.0,1.01,13.0,0.023947782805138096
11.0,1.01,14.0,0.0016135394734476671
11.0,1.01,15.0,0.0005024002553122436
11.0,1.01,16.0,-0.0003710535215084021
11.0,1.01,17.0,-0.03457942455417413
11.0,1.01,18.0,0.002878291618243739
11.0,1.01,19.0,-0.027311111647682684
11.0,1.01,20.0,0.02062943270557477
11.0,1.01,21.0,-1.0154484110513895e-06
11.0,1.51,0.0,0.24168002557822132
11.0,1.51,1.0,0.005297778419571492
11.0,1.51,2.0,0.03542925264307517
11.0,1.51,3.0,-1.935949138220927e-07
11.0,1.51,4.0,-0.016845970411668576
11.0,1.51,5.0,-0.049280095932055165
11.0,1.51,6.0,0.0005122965559491433
11.0,1.51,7.0,-0.04435370765903289
11.0,1.51,8.0,-4.968682050784934e-06
11.0,1.51,9.0,-0.02963276813595256
11.0,1.51,10.0,-0.007158741448224704
11.0,1.51,11.0,5.688525400726618e-09
11.0,1.51,12.0,2.3910502518653676e-05
11.0,1.51,13.0,0.03581731698441748
11.0,1.51,14.0,0.0024263824626166164
11.0,1.51,15.0,0.0007524361013529768
11.0,1.51,16.0,-0.0005481221909738876
11.0,1.51,17.0,-0.05124580660273567
11.0,1.51,18.0,0.0042368098799694665
11.0,1.51,19.0,-0.04091647496840661
11.0,1.51,20.0,0.03235058690462522
11.0,1.51,21.0,-1.0154484853253098e-06
11.0,2.01,0.0,0.30258938992158735
11.0,2.01,1.0,0.006629256919246623
11.0,2.01,2.0,0.044354540303659984
11.0,2.01,3.0,-1.935949172360285e-07
11.0,2.01,4.0,-0.020985025680718417
11.0,2.01,5.0,-0.06121773763731705
11.0,2.01,6.0,0.0006019999582393964
11.0,2.01,7.0,-0.05518645957903981
11.0,2.01,8.0,-4.968682306545624e-06
11.0,2.01,9.0,-0.037098010289956684
11.0,2.01,10.0,-0.008871333203429366
11.0,2.01,11.0,5.688525428482194e-09
11.0,2.01,12.0,-2.360879917934211e-05
11.0,2.01,13.0,0.0448384403547159
11.0,2.01,14.0,0.003020716941059348
11.0,2.01,15.0,0.0009412835854733931
11.0,2.01,16.0,-0.0007101115113536949
11.0,2.01,17.0,-0.0630149038335128
11.0,2.01,18.0,0.005228152407360742
11.0,2.01,19.0,-0.051212441325361346
11.0,2.01,20.0,0.040611695980070917
11.0,2.01,21.0,-1.0154485376168143e-06
12.0,0.01,0.0,0.0015413890419225806
12.0,0.01,1.0,2.9188971744364967e-05
12.0,0.01,2.0,0.00027099787029438716
12.0,0.01,3.0,-1.935218993665e-07
12.0,0.01,4.0,-1.570217952862052e-05
12.0,0.01,5.0,-0.0003362111171096027
12.0,0.01,6.0,-1.1511430148547497e-05
12.0,0.01,7.0,-0.00031078125695391257
12.0,0.01,8.0,-4.968755825993099e-06
12.0,0.01,9.0,-0.00021201569893000705
12.0,0.01,10.0,-5.0709060883946666e-05
12.0,0.01,11.0,5.676205394600231e-09
12.0,0.01,12.0,-3.7310088866759905e-06
12.0,0.01,13.0,0.00023939741520814795
12.0,0.01,14.0,-3.6133603502574996e-05
12.0,0.01,15.0,3.2591685127231207e-06
12.0,0.01,16.0,-1.7249655884399306e-05
12.0,0.01,17.0,-0.00035757235501426843
12.0,0.01,18.0,3.382768223980648e-05
12.0,0.01,19.0,-0.00033921488748184236
12.0,0.01,20.0,0.0003383399058920489
12.0,0.01,21.0,-1.0298194083324663e-06
12.0,0.51,0.0,0.08188771067198075
12.0,0.51,1.0,0.0017213163108004692
12.0,0.51,2.0,0.011914105601364633
12.0,0.51,3.0,-1.9352189899179972e-07
12.0,0.51,4.0,-0.005880517563876031
12.0,0.51,5.0,-0.01667931036217614
12.0,0.51,6.0,0.0002628762902998072
12.0,0.51,7.0,-0.015163157679190353
12.0,0.51,8.0,-4.968755796093405e-06
12.0,0.51,9.0,-0.009997684258383654
12.0,0.51,10.0,-0.002394661718670088
12.0,0.51,11.0,5.676205380722443e-09
12.0,0.51,12.0,8.864279071099657e-05
12.0,0.51,13.0,0.011551465645765618
12.0,0.51,14.0,0.0009375406076723783
12.0,0.51,15.0,0.00024144540415192706
12.0,0.51,16.0,1.6837821292803312e-05
12.0,0.51,17.0,-0.017431484452475984
12.0,0.51,18.0,0.00148302133550407
12.0,0.51,19.0,-0.013648808472878027
12.0,0.51,20.0,0.011008596238198887
12.0,0.51,21.0,-1.029819402142973e-06
12.0,1.01,0.0,0.16207548996336052
12.0,1.01,1.0,0.0034017190115321616
12.0,1.01,2.0,0.02365565309043982
12.0,1.01,3.0,-1.9352188938837056e-07
12.0,1.01,4.0,-0.011098348040471662
12.0,1.01,5.0,-0.032990866841880406
12.0,1.01,6.0,0.0003578801809298593
12.0,1.01,7.0,-0.03000970250886016
12.0,1.01,8.0,-4.968755085564547e-06
12.0,1.01,9.0,-0.019819825990124107
12.0,1.01,10.0,-0.00475473159294687
12.0,1.01,11.0,5.67620533908908e-09
12.0,1.01,12.0,9.312301887731689e-05
12.0,1.01,13.0,0.022881915790249202
12.0,1.01,14.0,0.0019243000021136117
12.0,1.01,15.0,0.00048060585167032654
12.0,1.01,16.0,-0.00014658746087048424
12.0,1.01,17.0,-0.034486784900034505
12.0,1.01,18.0,0.002889919765865695
12.0,1.01,19.0,-0.027186905525093896
12.0,1.01,20.0,0.021780602982553854
12.0,1.01,21.0,-1.0298192548718887e-06
12.0,1.51,0.0,0.24187619074904398
12.0,1.51,1.0,0.005069301523570907
12.0,1.51,2.0,0.03542770948245827
12.0,1.51,3.0,-1.9352189430110744e-07
12.0,1.51,4.0,-0.016575637614483885
12.0,1.51,5.0,-0.04909878402755523
12.0,1.51,6.0,0.0005495572557136508
12.0,1.51,7.0,-0.04470416278829774
12.0,1.51,8.0,-4.968755439725692e-06
12.0,1.51,9.0,-0.029633552322833212
12.0,1.51,10.0,-0.0070546365894481045
12.0,1.51,11.0,5.6762053668446555e-09
12.0,1.51,12.0,0.00013010256764670047
12.0,1.51,13.0,0.03420190911911408
12.0,1.51,14.0,0.0028857774353188356
12.0,1.51,15.0,0.0007190837898390506
12.0,1.51,16.0,-0.00019304725061625172
12.0,1.51,17.0,-0.051157554666449646
12.0,1.51,18.0,0.004266650445095083
12.0,1.51,19.0,-0.04067407169076448
12.0,1.51,20.0,0.03347120197817355
12.0,1.51,21.0,-1.0298193282853862e-06
12.0,2.01,0.0,0.3023030162875695
12.0,2.01,1.0,0.006332189587735404
12.0,2.01,2.0,0.04427371113969081
12.0,2.01,3.0,-1.935218977705544e-07
12.0,2.01,4.0,-0.020658132255722272
12.0,2.01,5.0,-0.06093589333270997
12.0,2.01,6.0,0.0006658994024907883
12.0,2.01,7.0,-0.05556186273142723
12.0,2.01,8.0,-4.968755697797034e-06
12.0,2.01,9.0,-0.037032235564455174
12.0,2.01,10.0,-0.008733598673178522
12.0,2.01,11.0,5.676205380722443e-09
12.0,2.01,12.0,0.0001214255766278094
12.0,2.01,13.0,0.0427394873070116
12.0,2.01,14.0,0.0035893531189510122
12.0,2.01,15.0,0.0008980262712976333
12.0,2.01,16.0,-0.0002457651798398741
12.0,2.01,17.0,-0.0629583599274656
12.0,2.01,18.0,0.0052625202698865226
12.0,2.01,19.0,-0.05081880335203587
12.0,2.01,20.0,0.042115269906912944
12.0,2.01,21.0,-1.0298193817703805e-06
13.0,0.01,0.0,0.0015718480441823113
13.0,0.01,1.0,3.0080066623694446e-05
13.0,0.01,2.0,0.0002569655893932543
13.0,0.01,3.0,-1.935420796822518e-07
13.0,0.01,4.0,-7.2745437457721884e-06
13.0,0.01,5.0,-0.00033582474086765735
13.0,0.01,6.0,-1.6170774955692746e-05
13.0,0.01,7.0,-0.0003082642889136178
13.0,0.01,8.0,-4.968600152643887e-06
13.0,0.01,9.0,-0.00020756583902412085
13.0,0.01,10.0,-5.282835125003382e-05
13.0,0.01,11.0,5.678273795606259e-09
13.0,0.01,12.0,-2.8474104019349245e-06
13.0,0.01,13.0,0.00023393721324985184
13.0,0.01,14.0,-6.585659684257145e-05
13.0,0.01,15.0,3.1870960111313185e-06
13.0,0.01,16.0,-2.1199246691416818e-05
13.0,0.01,17.0,-0.0003556785966179338
13.0,0.01,18.0,4.294069050628235e-05
13.0,0.01,19.0,-0.0003270971202187778
13.0,0.01,20.0,0.0002822438280564721
13.0,0.01,21.0,-1.0281541554801876e-06
13.0,0.51,0.0,0.08175372625233279
13.0,0.51,1.0,0.0017052908198821881
13.0,0.51,2.0,0.011804625542118752
13.0,0.51,3.0,-1.9354207936306267e-07
13.0,0.51,4.0,-0.0059085329785167895
13.0,0.51,5.0,-0.01668339265610755
13.0,0.51,6.0,0.00022702333862190116
13.0,0.51,7.0,-0.015156805643386367
13.0,0.51,8.0,-4.968600127559786e-06
13.0,0.51,9.0,-0.010081641033491962
13.0,0.51,10.0,-0.002400293487900218
13.0,0.51,11.0,5.678273795606259e-09
13.0,0.51,12.0,0.00013376402126058506
13.0,0.51,13.0,0.011494947752351853
13.0,0.51,14.0,0.0006241126529724708
13.0,0.51,15.0,0.00024174497479600987
13.0,0.51,16.0,4.207706657222143e-05
13.0,0.51,17.0,-0.01737174832447619
13.0,0.51,18.0,0.0015619121578160367
13.0,0.51,19.0,-0.013484359427410608
13.0,0.51,20.0,0.010682616012723245
13.0,0.51,21.0,-1.0281541502621394e-06
13.0,1.01,0.0,0.16183390067153536
13.0,1.01,1.0,0.003370692149511051
13.0,1.01,2.0,0.023429817738854775
13.0,1.01,3.0,-1.9354207000943369e-07
13.0,1.01,4.0,-0.011107601703919834
13.0,1.01,5.0,-0.03299613932027334
13.0,1.01,6.0,0.00026759021307853903
13.0,1.01,7.0,-0.02999369753350968
13.0,1.01,8.0,-4.968599436432075e-06
13.0,1.01,9.0,-0.01998120699588815
13.0,1.01,10.0,-0.004768691267179492
13.0,1.01,11.0,5.678273740095108e-09
13.0,1.01,12.0,0.0001726191757152884
13.0,1.01,13.0,0.02276576848406378
13.0,1.01,14.0,0.001327153085223333
13.0,1.01,15.0,0.0004811514998010885
13.0,1.01,16.0,-0.00011591372349062379
13.0,1.01,17.0,-0.03436950551547093
13.0,1.01,18.0,0.003041140437216455
13.0,1.01,19.0,-0.02685916148815304
13.0,1.01,20.0,0.021064882307028354
13.0,1.01,21.0,-1.0281540072376583e-06
13.0,1.51,0.0,0.24151746685940811
13.0,1.51,1.0,0.005022989181925841
13.0,1.51,2.0,0.03509182338748562
13.0,1.51,3.0,-1.935420744225702e-07
13.0,1.51,4.0,-0.016582773915919724
13.0,1.51,5.0,-0.04910585683089261
13.0,1.51,6.0,0.00041203505794806805
13.0,1.51,7.0,-0.04468063789058693
13.0,1.51,8.0,-4.968599754399949e-06
13.0,1.51,9.0,-0.02987537932122225
13.0,1.51,10.0,-0.007075428173758613
13.0,1.51,11.0,5.678273767850683e-09
13.0,1.51,12.0,0.0002459331950167565
13.0,1.51,13.0,0.034029548799642595
13.0,1.51,14.0,0.002006044160670066
13.0,1.51,15.0,0.0007199472760360953
13.0,1.51,16.0,-0.00015036768277315593
13.0,1.51,17.0,-0.05098355176078475
13.0,1.51,18.0,0.004488878622964904
13.0,1.51,19.0,-0.04018786123777801
13.0,1.51,20.0,0.03242799036180538
13.0,1.51,21.0,-1.028154073046128e-06
13.0,2.01,0.0,0.30290043407544864
13.0,2.01,1.0,0.006295569590014399
13.0,2.01,2.0,0.044003474437646795
13.0,2.01,3.0,-1.9354207811406177e-07
13.0,2.01,4.0,-0.02071372674221006
13.0,2.01,5.0,-0.061124440263308114
13.0,2.01,6.0,0.0004854538871452707
13.0,2.01,7.0,-0.05570448892272342
13.0,2.01,8.0,-4.968600029062187e-06
13.0,2.01,9.0,-0.03746143655032186
13.0,2.01,10.0,-0.008785407550430335
13.0,2.01,11.0,5.678273781728471e-09
13.0,2.01,12.0,0.0002584491000884037
13.0,2.01,13.0,0.04266921976137683
13.0,2.01,14.0,0.002504251567651314
13.0,2.01,15.0,0.0009020601709306547
13.0,2.01,16.0,-0.00020374755636415331
13.0,2.01,17.0,-0.06291034170195713
13.0,2.01,18.0,0.0055524810296168625
13.0,2.01,19.0,-0.05038329399163766
13.0,2.01,20.0,0.04087431195759522
13.0,2.01,21.0,-1.028154129889547e-06
14.0,0.01,0.0,0.0015884767211371553
14.0,0.01,1.0,3.0647023585905764e-05
14.0,0.01,2.0,0.0002492470127026247
14.0,0.01,3.0,-1.935823642634782e-07
14.0,0.01,4.0,-1.19270677934602e-05
14.0,0.01,5.0,-0.0003295999799161481
14.0,0.01,6.0,-2.2390136177552478e-05
14.0,0.01,7.0,-0.00030302630898537686
14.0,0.01,8.0,-4.968679193077807e-06
14.0,0.01,9.0,-0.00019686101013413615
14.0,0.01,10.0,-5.300985960882132e-05
14.0,0.01,11.0,5.685603821081742e-09
14.0,0.01,12.0,-7.230855360224053e-06
14.0,0.01,13.0,0.00023180035870382087
14.0,0.01,14.0,-4.658021592229833e-05
14.0,0.01,15.0,3.0578152431792738e-06
14.0,0.01,16.0,-3.403687481767781e-05
14.0,0.01,17.0,-0.0003504226097017782
14.0,0.01,18.0,3.498493946521575e-05
14.0,0.01,19.0,-0.0003189432617315413
14.0,0.01,20.0,0.00023556232130311772
14.0,0.01,21.0,-1.0235711032091643e-06
14.0,0.51,0.0,0.0816166999592789
14.0,0.51,1.0,0.0016951237816540954
14.0,0.51,2.0,0.011889285104486613
14.0,0.51,3.0,-1.9358236340305535e-07
14.0,0.51,4.0,-0.00620247342054131
14.0,0.51,5.0,-0.016533724615654777
14.0,0.51,6.0,0.00012826050026037983
14.0,0.51,7.0,-0.015129418877719139
14.0,0.51,8.0,-4.968679122918651e-06
14.0,0.51,9.0,-0.009833287734160034
14.0,0.51,10.0,-0.00238340907420298
14.0,0.51,11.0,5.685603807203954e-09
14.0,0.51,12.0,4.616150322619972e-05
14.0,0.51,13.0,0.011591568058429674
14.0,0.51,14.0,0.0007490506981703421
14.0,0.51,15.0,0.00024134383613544363
14.0,0.51,16.0,-0.00036249955567363434
14.0,0.51,17.0,-0.01722300777002285
14.0,0.51,18.0,0.0013379162558118662
14.0,0.51,19.0,-0.013747985754425096
14.0,0.51,20.0,0.010413800224307046
14.0,0.51,21.0,-1.023571088776265e-06
14.0,1.01,0.0,0.16153279946882582
14.0,1.01,1.0,0.003349955131114829
14.0,1.01,2.0,0.023609473835911388
14.0,1.01,3.0,-1.9358235393840406e-07
14.0,1.01,4.0,-0.01175328368181644
14.0,1.01,5.0,-0.03271012733281195
14.0,1.01,6.0,9.669270373990901e-05
14.0,1.01,7.0,-0.029951416762645663
14.0,1.01,8.0,-4.96867842351284e-06
14.0,1.01,9.0,-0.01950061706725792
14.0,1.01,10.0,-0.004732302238907304
14.0,1.01,11.0,5.6856037655705904e-09
14.0,1.01,12.0,1.352926503372931e-05
14.0,1.01,13.0,0.022963944946057885
14.0,1.01,14.0,0.0015573657547615291
14.0,1.01,15.0,0.00048047984793107845
14.0,1.01,16.0,-0.000890711687966117
14.0,1.01,17.0,-0.03408689323916697
14.0,1.01,18.0,0.002602510136760966
14.0,1.01,19.0,-0.027383649837479485
14.0,1.01,20.0,0.020435213270642905
14.0,1.01,21.0,-1.023570944697072e-06
14.0,1.51,0.0,0.24101628365687877
14.0,1.51,1.0,0.004986850892767014
14.0,1.51,2.0,0.035432411210858994
14.0,1.51,3.0,-1.9358235864297413e-07
14.0,1.51,4.0,-0.01750061615859222
14.0,1.51,5.0,-0.048714578320979654
14.0,1.51,6.0,0.00015262133848964465
14.0,1.51,7.0,-0.044652556695021814
14.0,1.51,8.0,-4.9686787628525075e-06
14.0,1.51,9.0,-0.029181374870085985
14.0,1.51,10.0,-0.007026367984657944
14.0,1.51,11.0,5.685603793326166e-09
14.0,1.51,12.0,9.11865140623691e-06
14.0,1.51,13.0,0.03435066519538377
14.0,1.51,14.0,0.002344860658789423
14.0,1.51,15.0,0.0007197439473843326
14.0,1.51,16.0,-0.0013183134602506863
14.0,1.51,17.0,-0.050631123929338225
14.0,1.51,18.0,0.003835208282783664
14.0,1.51,19.0,-0.04103145521145263
14.0,1.51,20.0,0.03202722731567931
14.0,1.51,21.0,-1.0235710145578558e-06
14.0,2.01,0.0,0.30255546261498534
14.0,2.01,1.0,0.006256021303969822
14.0,2.01,2.0,0.044472023645522385
14.0,2.01,3.0,-1.935823621956878e-07
14.0,2.01,4.0,-0.021888251049966667
14.0,2.01,5.0,-0.06073919204618179
14.0,2.01,6.0,0.00016008535727252138
14.0,2.01,7.0,-0.05575397497318457
14.0,2.01,8.0,-4.9686790279945825e-06
14.0,2.01,9.0,-0.036626549001709696
14.0,2.01,10.0,-0.008741149926857206
14.0,2.01,11.0,5.685603807203954e-09
14.0,2.01,12.0,-3.561087085360293e-05
14.0,2.01,13.0,0.04311248930370831
14.0,2.01,14.0,0.0029300470156536015
14.0,2.01,15.0,0.0009025849122456242
14.0,2.01,16.0,-0.001674606864392747
14.0,2.01,17.0,-0.06266468263967627
14.0,2.01,18.0,0.004747978487694177
14.0,2.01,19.0,-0.05148997743559913
14.0,2.01,20.0,0.0402855792626462
14.0,2.01,21.0,-1.0235710691808286e-06
15.0,0.01,0.0,0.001603257798804547
15.0,0.01,1.0,3.1330633374626604e-05
15.0,0.01,2.0,0.00024406892764100574
15.0,0.01,3.0,-1.935853734535975e-07
15.0,0.01,4.0,-6.9143139603822235e-06
15.0,0.01,5.0,-0.0003324289753843107
15.0,0.01,6.0,-2.432873561408755e-05
15.0,0.01,7.0,-0.0003015323667019676
15.0,0.01,8.0,-4.96907028414012e-06
15.0,0.01,9.0,-0.00019663616509033033
15.0,0.01,10.0,-5.414809553200284e-05
15.0,0.01,11.0,5.685416151757217e-09
15.0,0.01,12.0,-7.3335510309968654e-06
15.0,0.01,13.0,0.00022817461816443396
15.0,0.01,14.0,-4.098221559808296e-05
15.0,0.01,15.0,3.054691883871974e-06
15.0,0.01,16.0,-3.6509044596122475e-05
15.0,0.01,17.0,-0.00035151961784832264
15.0,0.01,18.0,3.8163813223773824e-05
15.0,0.01,19.0,-0.0003110421881136749
15.0,0.01,20.0,0.0002220618788291162
15.0,0.01,21.0,-1.0242684132799607e-06
15.0,0.51,0.0,0.08168019634899026
15.0,0.51,1.0,0.0017090793501459978
15.0,0.51,2.0,0.011821021366468565
15.0,0.51,3.0,-1.9358537274583032e-07
15.0,0.51,4.0,-0.006173901573294727
15.0,0.51,5.0,-0.016645881898352297
15.0,0.51,6.0,0.0002030070901889447
15.0,0.51,7.0,-0.015065451382053327
15.0,0.51,8.0,-4.9690702266305675e-06
15.0,0.51,9.0,-0.009928770211600074
15.0,0.51,10.0,-0.002381533487047005
15.0,0.51,11.0,5.685416151757217e-09
15.0,0.51,12.0,0.00012429968989496887
15.0,0.51,13.0,0.011481756240379448
15.0,0.51,14.0,0.0008263300692053013
15.0,0.51,15.0,0.00024215528776237727
15.0,0.51,16.0,-0.00029102142384390683
15.0,0.51,17.0,-0.017228748614093403
15.0,0.51,18.0,0.001485788843002489
15.0,0.51,19.0,-0.013487287217244348
15.0,0.51,20.0,0.010506883079265616
15.0,0.51,21.0,-1.0242684014005743e-06
15.0,1.01,0.0,0.1616824594028884
15.0,1.01,1.0,0.0033786546347276958
15.0,1.01,2.0,0.02345869852885213
15.0,1.01,3.0,-1.9358536361424594e-07
15.0,1.01,4.0,-0.011663919969882364
15.0,1.01,5.0,-0.032925272643448425
15.0,1.01,6.0,0.00023114722066158722
15.0,1.01,7.0,-0.029816776371089967
15.0,1.01,8.0,-4.969069550692096e-06
15.0,1.01,9.0,-0.019682603253500436
15.0,1.01,10.0,-0.004731244573522642
15.0,1.01,11.0,5.6854160823682776e-09
15.0,1.01,12.0,0.00015981070786907914
15.0,1.01,13.0,0.02273991054689742
15.0,1.01,14.0,0.0017073725663418332
15.0,1.01,15.0,0.00048194686463307046
15.0,1.01,16.0,-0.0007641971606940356
15.0,1.01,17.0,-0.03408705896777665
15.0,1.01,18.0,0.002895199633981438
15.0,1.01,19.0,-0.026864998159026543
15.0,1.01,20.0,0.020559067648250495
15.0,1.01,21.0,-1.0242682620953403e-06
15.0,1.51,0.0,0.24121937796270743
15.0,1.51,1.0,0.005029165492737575
15.0,1.51,2.0,0.03520089275739191
15.0,1.51,3.0,-1.9358536779146007e-07
15.0,1.51,4.0,-0.01734314897905992
15.0,1.51,5.0,-0.04901179796426313
15.0,1.51,6.0,0.00034505626869718586
15.0,1.51,7.0,-0.04443245443546959
15.0,1.51,8.0,-4.969069851805397e-06
15.0,1.51,9.0,-0.029449336474943327
15.0,1.51,10.0,-0.007021150708607871
15.0,1.51,11.0,5.685416110123853e-09
15.0,1.51,12.0,0.0002220122160752347
15.0,1.51,13.0,0.03401083114195802
15.0,1.51,14.0,0.00256627912635337
15.0,1.51,15.0,0.0007218327556601373
15.0,1.51,16.0,-0.0011364578512148005
15.0,1.51,17.0,-0.05057889516101323
15.0,1.51,18.0,0.0042663387133928254
15.0,1.51,19.0,-0.04025654482159957
15.0,1.51,20.0,0.03219830698277654
15.0,1.51,21.0,-1.0242683241290518e-06
15.0,2.01,0.0,0.3036691947258233
15.0,2.01,1.0,0.0063265691886455755
15.0,2.01,2.0,0.044306513975692685
15.0,2.01,3.0,-1.9358537155234057e-07
15.0,2.01,4.0,-0.02172958488969068
15.0,2.01,5.0,-0.06122438287236171
15.0,2.01,6.0,0.0003929598418899727
15.0,2.01,7.0,-0.055591968166388644
15.0,2.01,8.0,-4.969070133212239e-06
15.0,2.01,9.0,-0.037066683788029714
15.0,2.01,10.0,-0.0087492038376068
15.0,2.01,11.0,5.685416137879429e-09
15.0,2.01,12.0,0.00022326578754916504
15.0,2.01,13.0,0.04280604467880253
15.0,2.01,14.0,0.003212987321604792
15.0,2.01,15.0,0.0009076887375437243
15.0,2.01,16.0,-0.0014568609158734924
15.0,2.01,17.0,-0.06261046924489728
15.0,2.01,18.0,0.005290898736657557
15.0,2.01,19.0,-0.05066063814458427
15.0,2.01,20.0,0.04061166694790663
15.0,2.01,21.0,-1.0242683821382048e-06
16.0,0.01,0.0,0.0016074091125903855
16.0,0.01,1.0,3.1438996171057054e-05
16.0,0.01,2.0,0.00024531909566793964
16.0,0.01,3.0,-1.9356921426849638e-07
16.0,0.01,4.0,-1.0284641151492302e-06
16.0,0.01,5.0,-0.00033229391829270316
16.0,0.01,6.0,-2.29089825047879e-05
16.0,0.01,7.0,-0.0003055640181598429
16.0,0.01,8.0,-4.968159591743626e-06
16.0,0.01,9.0,-0.0001956389681809778
16.0,0.01,10.0,-5.479237404465431e-05
16.0,0.01,11.0,5.685716633618831e-09
16.0,0.01,12.0,-8.808581777430824e-06
16.0,0.01,13.0,0.00023314919664371714
16.0,0.01,14.0,-4.8211270185581634e-05
16.0,0.01,15.0,2.9812518622107653e-06
16.0,0.01,16.0,-3.538569040123507e-05
16.0,0.01,17.0,-0.0003527348523640894
16.0,0.01,18.0,3.9279001164432836e-05
16.0,0.01,19.0,-0.00031600324684960546
16.0,0.01,20.0,0.00022000716491688
16.0,0.01,21.0,-1.039296365051845e-06
16.0,0.51,0.0,0.08181399115830679
16.0,0.51,1.0,0.001716410907511151
16.0,0.51,2.0,0.011885150336291339
16.0,0.51,3.0,-1.9356921354685142e-07
16.0,0.51,4.0,-0.0060460283702229445
16.0,0.51,5.0,-0.016638918624391305
16.0,0.51,6.0,0.0002723088055219258
16.0,0.51,7.0,-0.015273309777326646
16.0,0.51,8.0,-4.968159533540184e-06
16.0,0.51,9.0,-0.009884587272014467
16.0,0.51,10.0,-0.002407696894472511
16.0,0.51,11.0,5.685716619741044e-09
16.0,0.51,12.0,4.0140151057355133e-05
16.0,0.51,13.0,0.011737835058917179
16.0,0.51,14.0,0.0007872658417907019
16.0,0.51,15.0,0.00023882666124082352
16.0,0.51,16.0,-0.0001739421947280495
16.0,0.51,17.0,-0.017286168953198927
16.0,0.51,18.0,0.0014680703958519503
16.0,0.51,19.0,-0.013606195300432222
16.0,0.51,20.0,0.010478277901262156
16.0,0.51,21.0,-1.0392963528671473e-06
16.0,1.01,0.0,0.16194761206024466
16.0,1.01,1.0,0.0033931347443268423
16.0,1.01,2.0,0.023585559314118598
16.0,1.01,3.0,-1.9356920437363367e-07
16.0,1.01,4.0,-0.011415395133667294
16.0,1.01,5.0,-0.03290995355645955
16.0,1.01,6.0,0.00037154050924137483
16.0,1.01,7.0,-0.030226836392771142
16.0,1.01,8.0,-4.96815885429186e-06
16.0,1.01,9.0,-0.019595039110202717
16.0,1.01,10.0,-0.004782077255290673
16.0,1.01,11.0,5.685716564229892e-09
16.0,1.01,12.0,-6.532449635582305e-06
16.0,1.01,13.0,0.023246909502272095
16.0,1.01,14.0,0.0016361369217222366
16.0,1.01,15.0,0.0004753460353903727
16.0,1.01,16.0,-0.0005355598340509027
16.0,1.01,17.0,-0.034198852118303494
16.0,1.01,18.0,0.0028602635877239824
16.0,1.01,19.0,-0.02710184060761739
16.0,1.01,20.0,0.020493705369294346
16.0,1.01,21.0,-1.0392962108141113e-06
16.0,1.51,0.0,0.24160924658893956
16.0,1.51,1.0,0.005050336759327506
16.0,1.51,2.0,0.03538983459528128
16.0,1.51,3.0,-1.9356920875901462e-07
16.0,1.51,4.0,-0.016973328272860688
16.0,1.51,5.0,-0.04898026128961889
16.0,1.51,6.0,0.0005529174020384442
16.0,1.51,7.0,-0.045037646066125356
16.0,1.51,8.0,-4.9681591712466555e-06
16.0,1.51,9.0,-0.029317883304278064
16.0,1.51,10.0,-0.007094948967916681
16.0,1.51,11.0,5.685716605863256e-09
16.0,1.51,12.0,-2.633624999115458e-05
16.0,1.51,13.0,0.034768532627924675
16.0,1.51,14.0,0.00246252300517507
16.0,1.51,15.0,0.0007119310638679377
16.0,1.51,16.0,-0.0007940691632464802
16.0,1.51,17.0,-0.050734150586972185
16.0,1.51,18.0,0.004212327790009823
16.0,1.51,19.0,-0.04060730229893533
16.0,1.51,20.0,0.032101191547633856
16.0,1.51,21.0,-1.0392962770944258e-06
16.0,2.01,0.0,0.303720659568129
16.0,2.01,1.0,0.006344344617111558
16.0,2.01,2.0,0.04448034201888651
16.0,2.01,3.0,-1.9356921239499503e-07
16.0,2.01,4.0,-0.021238208477163012
16.0,2.01,5.0,-0.0610939035048679
16.0,2.01,6.0,0.000652471566077284
16.0,2.01,7.0,-0.056270187710906944
16.0,2.01,8.0,-4.968159442633735e-06
16.0,2.01,9.0,-0.03684879561497975
16.0,2.01,10.0,-0.008827859306989871
16.0,2.01,11.0,5.685716633618831e-09
16.0,2.01,12.0,-8.850256325912409e-05
16.0,2.01,13.0,0.043697384662432476
16.0,2.01,14.0,0.0030797716744688647
16.0,2.01,15.0,0.000894020208619381
16.0,2.01,16.0,-0.0010226313552043065
16.0,2.01,17.0,-0.0627150669523352
16.0,2.01,18.0,0.0052155947973314964
16.0,2.01,19.0,-0.051028238432137996
16.0,2.01,20.0,0.04044865246017959
16.0,2.01,21.0,-1.0392963338823336e-06
17.0,0.01,0.0,0.0015965238954630534
17.0,0.01,1.0,3.110041601256386e-05
17.0,0.01,2.0,0.0002521467822835244
17.0,0.01,3.0,-1.935927005092264e-07
17.0,0.01,4.0,1.1455971634932727e-05
17.0,0.01,5.0,-0.0003293171784753829
17.0,0.01,6.0,-2.472513764645301e-05
17.0,0.01,7.0,-0.00030876630884205114
17.0,0.01,8.0,-4.968748791488176e-06
17.0,0.01,9.0,-0.00020149173925754216
17.0,0.01,10.0,-5.4093530896692776e-05
17.0,0.01,11.0,5.687300103085491e-09
17.0,0.01,12.0,-6.985989378122115e-06
17.0,0.01,13.0,0.00023262590041936426
17.0,0.01,14.0,-6.707664404904945e-05
17.0,0.01,15.0,3.0886964169363207e-06
17.0,0.01,16.0,-3.6624974012133826e-05
17.0,0.01,17.0,-0.00035482087033590626
17.0,0.01,18.0,4.1023428562547704e-05
17.0,0.01,19.0,-0.00032708339348075377
17.0,0.01,20.0,0.00024057841163643845
17.0,0.01,21.0,-1.0377745718603837e-06
17.0,0.51,0.0,0.0817215003224867
17.0,0.51,1.0,0.0017183248004029872
17.0,0.51,2.0,0.011978107122935955
17.0,0.51,3.0,-1.9359269964880355e-07
17.0,0.51,4.0,-0.005928009696982761
17.0,0.51,5.0,-0.016462126399065122
17.0,0.51,6.0,0.00018076486502427436
17.0,0.51,7.0,-0.01536107742073696
17.0,0.51,8.0,-4.968748722293526e-06
17.0,0.51,9.0,-0.010073544491692066
17.0,0.51,10.0,-0.002358745733915646
17.0,0.51,11.0,5.687300103085491e-09
17.0,0.51,12.0,9.639695597421505e-05
17.0,0.51,13.0,0.011620660793397408
17.0,0.51,14.0,0.0005294743019007564
17.0,0.51,15.0,0.00024007575410363302
17.0,0.51,16.0,-0.0002458100043361555
17.0,0.51,17.0,-0.017344421896757667
17.0,0.51,18.0,0.0014657278418817865
17.0,0.51,19.0,-0.013758893492821667
17.0,0.51,20.0,0.010591554400969927
17.0,0.51,21.0,-1.0377745573719732e-06
17.0,1.01,0.0,0.1617477854495798
17.0,1.01,1.0,0.003396449373286786
17.0,1.01,2.0,0.02377617736224602
17.0,1.01,3.0,-1.935926909335528e-07
17.0,1.01,4.0,-0.011209693782727681
17.0,1.01,5.0,-0.03256514130182522
17.0,1.01,6.0,0.00020061407903670947
17.0,1.01,7.0,-0.03040608465212366
17.0,1.01,8.0,-4.968748076109031e-06
17.0,1.01,9.0,-0.019973351059957456
17.0,1.01,10.0,-0.0046846011177655855
17.0,1.01,11.0,5.687300061452127e-09
17.0,1.01,12.0,0.00010929265589729176
17.0,1.01,13.0,0.02301812052712693
17.0,1.01,14.0,0.0011382712525539532
17.0,1.01,15.0,0.00047783010781177193
17.0,1.01,16.0,-0.0006643559726702275
17.0,1.01,17.0,-0.034322943545475514
17.0,1.01,18.0,0.0028490434221191963
17.0,1.01,19.0,-0.027401195365263864
17.0,1.01,20.0,0.02077181736405076
17.0,1.01,21.0,-1.0377744224243646e-06
17.0,1.51,0.0,0.2413332283118066
17.0,1.51,1.0,0.005056033341182292
17.0,1.51,2.0,0.03568185064206131
17.0,1.51,3.0,-1.9359269483321118e-07
17.0,1.51,4.0,-0.016682001095038423
17.0,1.51,5.0,-0.048496474922086724
17.0,1.51,6.0,0.000304720976669004
17.0,1.51,7.0,-0.04532700343626073
17.0,1.51,8.0,-4.968748357023212e-06
17.0,1.51,9.0,-0.02988774202307476
17.0,1.51,10.0,-0.0069548395958904385
17.0,1.51,11.0,5.687300075329915e-09
17.0,1.51,12.0,0.00015045515835407364
17.0,1.51,13.0,0.034431377097358495
17.0,1.51,14.0,0.0017270803722778255
17.0,1.51,15.0,0.0007157444472238733
17.0,1.51,16.0,-0.0009821082035800233
17.0,1.51,17.0,-0.05096935929889553
17.0,1.51,18.0,0.00420026404709728
17.0,1.51,19.0,-0.041056671389147814
17.0,1.51,20.0,0.032501153886288936
17.0,1.51,21.0,-1.0377744810996514e-06
17.0,2.01,0.0,0.3048012515503309
17.0,2.01,1.0,0.006380454332629987
17.0,2.01,2.0,0.04505722194836653
17.0,2.01,3.0,-1.9359269852470273e-07
17.0,2.01,4.0,-0.020976754638475315
17.0,2.01,5.0,-0.0607929848634228
17.0,2.01,6.0,0.00034974010574856385
17.0,2.01,7.0,-0.05690289614204437
17.0,2.01,8.0,-4.968748633010778e-06
17.0,2.01,9.0,-0.037739503860033635
17.0,2.01,10.0,-0.008696402056831032
17.0,2.01,11.0,5.687300116963279e-09
17.0,2.01,12.0,0.00013844815355451567
17.0,2.01,13.0,0.04347506425889652
17.0,2.01,14.0,0.0021698652970295676
17.0,2.01,15.0,0.0009028005280128509
17.0,2.01,16.0,-0.0012607144265706638
17.0,2.01,17.0,-0.06334464568622653
17.0,2.01,18.0,0.0052298660797644725
17.0,2.01,19.0,-0.05183139546888321
17.0,2.01,20.0,0.04115326548210568
17.0,2.01,21.0,-1.0377745387202264e-06
18.0,0.01,0.0,0.0015565509498097763
18.0,0.01,1.0,2.9553287204164835e-05
18.0,0.01,2.0,0.0002673932692274783
18.0,0.01,3.0,-1.9353616420580977e-07
18.0,0.01,4.0,1.8701308067137212e-06
18.0,0.01,5.0,-0.0003359569088537545
18.0,0.01,6.0,-1.4370543879260733e-05
18.0,0.01,7.0,-0.0003102865261290222
18.0,0.01,8.0,-4.968541927524717e-06
18.0,0.01,9.0,-0.00020856497376489647
18.0,0.01,10.0,-5.2510985095011176e-05
18.0,0.01,11.0,5.6779528578854155e-09
18.0,0.01,12.0,-2.1101237391296657e-06
18.0,0.01,13.0,0.0002431713411180647
18.0,0.01,14.0,-5.35994418832883e-05
18.0,0.01,15.0,3.3586178814076773e-06
18.0,0.01,16.0,-2.293804369940533e-05
18.0,0.01,17.0,-0.0003586928690137853
18.0,0.01,18.0,4.054371797734824e-05
18.0,0.01,19.0,-0.00033977430000176057
18.0,0.01,20.0,0.0003110017226837791
18.0,0.01,21.0,-1.0231364395152376e-06
18.0,0.51,0.0,0.0818017897947998
18.0,0.51,1.0,0.0017228700116241058
18.0,0.51,2.0,0.011921175086413494
18.0,0.51,3.0,-1.9353616391437622e-07
18.0,0.51,4.0,-0.0056930668822416375
18.0,0.51,5.0,-0.016651293398559586
18.0,0.51,6.0,0.00032201188493430344
18.0,0.51,7.0,-0.015156069748050657
18.0,0.51,8.0,-4.968541904425139e-06
18.0,0.51,9.0,-0.009935484819210028
18.0,0.51,10.0,-0.0024086789267830366
18.0,0.51,11.0,5.677952844007628e-09
18.0,0.51,12.0,0.00021071942313483083
18.0,0.51,13.0,0.011804092079639422
18.0,0.51,14.0,0.0006760331073253703
18.0,0.51,15.0,0.00024845493877881375
18.0,0.51,16.0,-1.6855706417406857e-05
18.0,0.51,17.0,-0.0174465244455939
18.0,0.51,18.0,0.0016158526198706002
18.0,0.51,19.0,-0.01363796966708608
18.0,0.51,20.0,0.010839368729874288
18.0,0.51,21.0,-1.0231364347967897e-06
18.0,1.01,0.0,0.16197279679178977
18.0,1.01,1.0,0.0034087881666020614
18.0,1.01,2.0,0.02362523934741645
18.0,1.01,3.0,-1.935361547272807e-07
18.0,1.01,4.0,-0.010731256121512323
18.0,1.01,5.0,-0.03292966331310984
18.0,1.01,6.0,0.0004708660851989732
18.0,1.01,7.0,-0.0299857493120934
18.0,1.01,8.0,-4.9685412232269854e-06
18.0,1.01,9.0,-0.019681833575265595
18.0,1.01,10.0,-0.004784481422135889
18.0,1.01,11.0,5.6779527884964764e-09
18.0,1.01,12.0,0.00032990232563245847
18.0,1.01,13.0,0.02336721900704436
18.0,1.01,14.0,0.001418121663567598
18.0,1.01,15.0,0.0004941530106043479
18.0,1.01,16.0,-0.00021575184788963364
18.0,1.01,17.0,-0.03450776479123395
18.0,1.01,18.0,0.003153774292481676
18.0,1.01,19.0,-0.027137837640506923
18.0,1.01,20.0,0.02109135276653501
18.0,1.01,21.0,-1.023136294492355e-06
18.0,1.51,0.0,0.24166951198441877
18.0,1.51,1.0,0.005075189509853417
18.0,1.51,2.0,0.035427938972007855
18.0,1.51,3.0,-1.9353615914041722e-07
18.0,1.51,4.0,-0.015942470036597434
18.0,1.51,5.0,-0.04900093247763455
18.0,1.51,6.0,0.0006974847138216389
18.0,1.51,7.0,-0.04466765891944681
18.0,1.51,8.0,-4.96854154175691e-06
18.0,1.51,9.0,-0.02943995175231154
18.0,1.51,10.0,-0.00709907235675733
18.0,1.51,11.0,5.67795283012984e-09
18.0,1.51,12.0,0.00047272919464941277
18.0,1.51,13.0,0.03494101061962393
18.0,1.51,14.0,0.002137785367902656
18.0,1.51,15.0,0.0007398906624570961
18.0,1.51,16.0,-0.00032240676879458086
18.0,1.51,17.0,-0.05115887597168914
18.0,1.51,18.0,0.0046509470252067975
18.0,1.51,19.0,-0.04064430042402978
18.0,1.51,20.0,0.03281078573927393
18.0,1.51,21.0,-1.0231363601065357e-06
18.0,2.01,0.0,0.304005416651167
18.0,2.01,1.0,0.006379755337699605
18.0,2.01,2.0,0.04455808219409202
18.0,2.01,3.0,-1.9353616273476426e-07
18.0,2.01,4.0,-0.019964306815268562
18.0,2.01,5.0,-0.06114341593706177
18.0,2.01,6.0,0.0008462080675763484
18.0,2.01,7.0,-0.05582451970924475
18.0,2.01,8.0,-4.9685418095496425e-06
18.0,2.01,9.0,-0.0370261715697171
18.0,2.01,10.0,-0.008834780330419623
18.0,2.01,11.0,5.67795283012984e-09
18.0,2.01,12.0,0.000541421779073431
18.0,2.01,13.0,0.043943190010889616
18.0,2.01,14.0,0.0026719274967129045
18.0,2.01,15.0,0.0009297343111793616
18.0,2.01,16.0,-0.0004209017994053488
18.0,2.01,17.0,-0.06316982708252862
18.0,2.01,18.0,0.005767990898039754
18.0,2.01,19.0,-0.05110521721955097
18.0,2.01,20.0,0.041540060466981776
18.0,2.01,21.0,-1.023136415229109e-06
19.0,0.01,0.0,0.001603786315343858
19.0,0.01,1.0,3.136571075670891e-05
19.0,0.01,2.0,0.00024266724105986848
19.0,0.01,3.0,-1.9356897412725615e-07
19.0,0.01,4.0,-6.862924050776709e-06
19.0,0.01,5.0,-0.0003388776144308825
19.0,0.01,6.0,-2.208509153567295e-05
19.0,0.01,7.0,-0.00030802177772262795
19.0,0.01,8.0,-4.968601096624892e-06
19.0,0.01,9.0,-0.00019896327737020658
19.0,0.01,10.0,-5.5241275646988885e-05
19.0,0.01,11.0,5.684694007190849e-09
19.0,0.01,12.0,-5.340038372242395e-06
19.0,0.01,13.0,0.00022987507591315515
19.0,0.01,14.0,-4.3406200189784194e-05
19.0,0.01,15.0,3.1041310890184137e-06
19.0,0.01,16.0,-3.102964907192307e-05
19.0,0.01,17.0,-0.0003549252661232266
19.0,0.01,18.0,3.903358824591807e-05
19.0,0.01,19.0,-0.00031407713254572034
19.0,0.01,20.0,0.0002288291658411601
19.0,0.01,21.0,-1.0265793121966293e-06
19.0,0.51,0.0,0.08175093370685593
19.0,0.51,1.0,0.0017100846604441722
19.0,0.51,2.0,0.011763104251430845
19.0,0.51,3.0,-1.935689733917334e-07
19.0,0.51,4.0,-0.006113677726738931
19.0,0.51,5.0,-0.0169494790902025
19.0,0.51,6.0,0.00025959658582869194
19.0,0.51,7.0,-0.015379689626034351
19.0,0.51,8.0,-4.9686010384283885e-06
19.0,0.51,9.0,-0.010039923833171038
19.0,0.51,10.0,-0.0024502689204425887
19.0,0.51,11.0,5.684693993313061e-09
19.0,0.51,12.0,0.00017336399066034125
19.0,0.51,13.0,0.011563362002015909
19.0,0.51,14.0,0.0008168405617427835
19.0,0.51,15.0,0.0002443929505063086
19.0,0.51,16.0,-1.3242748637287693e-05
19.0,0.51,17.0,-0.01738028558921828
19.0,0.51,18.0,0.001515822803002137
19.0,0.51,19.0,-0.013660639895867077
19.0,0.51,20.0,0.010655706001747423
19.0,0.51,21.0,-1.0265793002062207e-06
19.0,1.01,0.0,0.16180104907066062
19.0,1.01,1.0,0.0033799967914014684
19.0,1.01,2.0,0.023349648720384197
19.0,1.01,3.0,-1.9356896421851566e-07
19.0,1.01,4.0,-0.01157726892930766
19.0,1.01,5.0,-0.03352325423243534
19.0,1.01,6.0,0.00035450468851616623
19.0,1.01,7.0,-0.030438024272925066
19.0,1.01,8.0,-4.968600358715158e-06
19.0,1.01,9.0,-0.019905608550874337
19.0,1.01,10.0,-0.004862903111793493
19.0,1.01,11.0,5.684693951679698e-09
19.0,1.01,12.0,0.0002638051740921632
19.0,1.01,13.0,0.022904651680730442
19.0,1.01,14.0,0.001689588375338849
19.0,1.01,15.0,0.0004864046369188607
19.0,1.01,16.0,-0.000209745836687536
19.0,1.01,17.0,-0.03438256235533706
19.0,1.01,18.0,0.002953382079405542
19.0,1.01,19.0,-0.027203009537086043
19.0,1.01,20.0,0.020924400462982884
19.0,1.01,21.0,-1.0265791597352525e-06
19.0,1.51,0.0,0.24138894215762863
19.0,1.51,1.0,0.005031353318441706
19.0,1.51,2.0,0.03502694245738486
19.0,1.51,3.0,-1.9356896857614103e-07
19.0,1.51,4.0,-0.017230458516851732
19.0,1.51,5.0,-0.04988169158387687
19.0,1.51,6.0,0.0005313605673504807
19.0,1.51,7.0,-0.04534597329275793
19.0,1.51,8.0,-4.968600672547452e-06
19.0,1.51,9.0,-0.029778174371430766
19.0,1.51,10.0,-0.007212813283486219
19.0,1.51,11.0,5.684693965557486e-09
19.0,1.51,12.0,0.0003764848477963989
19.0,1.51,13.0,0.03425341355895714
19.0,1.51,14.0,0.0025394263134258244
19.0,1.51,15.0,0.0007283721587102582
19.0,1.51,16.0,-0.0002987660125358116
19.0,1.51,17.0,-0.05099796795564831
19.0,1.51,18.0,0.004349747900204287
19.0,1.51,19.0,-0.04075551733032756
19.0,1.51,20.0,0.03271333435702556
19.0,1.51,21.0,-1.0265792245722771e-06
19.0,2.01,0.0,0.30328104927871846
19.0,2.01,1.0,0.006317142748356763
19.0,2.01,2.0,0.04400150632326516
19.0,2.01,3.0,-1.93568972239877e-07
19.0,2.01,4.0,-0.021551895592690773
19.0,2.01,5.0,-0.06216303027028331
19.0,2.01,6.0,0.0006235603630552755
19.0,2.01,7.0,-0.056619503079573294
19.0,2.01,8.0,-4.968600946786417e-06
19.0,2.01,9.0,-0.037407029310686596
19.0,2.01,10.0,-0.00896607221721396
19.0,2.01,11.0,5.684693993313061e-09
19.0,2.01,12.0,0.0004117844554812067
19.0,2.01,13.0,0.04302723361513491
19.0,2.01,14.0,0.0031733279621959445
19.0,2.01,15.0,0.0009142024126118226
19.0,2.01,16.0,-0.0004004546602779935
19.0,2.01,17.0,-0.06300365198832968
19.0,2.01,18.0,0.005380333893332173
19.0,2.01,19.0,-0.05118927803114781
19.0,2.01,20.0,0.04121694384534602
19.0,2.01,21.0,-1.026579281221407e-06
20.0,0.01,0.0,0.0016082657096269104
20.0,0.01,1.0,3.08333185638221e-05
20.0,0.01,2.0,0.00024163695918860695
20.0,0.01,3.0,-1.9357410369069683e-07
20.0,0.01,4.0,-5.0062395899885814e-06
20.0,0.01,5.0,-0.00033112601320452184
20.0,0.01,6.0,-2.422762715115212e-05
20.0,0.01,7.0,-0.0003038420801404207
20.0,0.01,8.0,-4.968538996653893e-06
20.0,0.01,9.0,-0.0001967965540830563
20.0,0.01,10.0,-5.420978282988376e-05
20.0,0.01,11.0,5.685041506997557e-09
20.0,0.01,12.0,-6.75559787385871e-06
20.0,0.01,13.0,0.0002298917875368789
20.0,0.01,14.0,-5.429567781912309e-05
20.0,0.01,15.0,2.7857776945666712e-06
20.0,0.01,16.0,-3.332780780446187e-05
20.0,0.01,17.0,-0.00035766756283789336
20.0,0.01,18.0,4.062988345354679e-05
20.0,0.01,19.0,-0.00031508388769035944
20.0,0.01,20.0,0.00022170650019615046
20.0,0.01,21.0,-1.0048980715882116e-06
20.0,0.51,0.0,0.08168583658151463
20.0,0.51,1.0,0.001673775645747333
20.0,0.51,2.0,0.011774787792310282
20.0,0.51,3.0,-1.935741030384408e-07
20.0,0.51,4.0,-0.0061027791085002114
20.0,0.51,5.0,-0.016542605137872854
20.0,0.51,6.0,0.0001995498951791741
20.0,0.51,7.0,-0.015163452910610054
20.0,0.51,8.0,-4.968538944077894e-06
20.0,0.51,9.0,-0.009961109568028925
20.0,0.51,10.0,-0.0023693364463244215
20.0,0.51,11.0,5.685041493119769e-09
20.0,0.51,12.0,0.00010128509420936904
20.0,0.51,13.0,0.011581808681485062
20.0,0.51,14.0,0.0006525830942191654
20.0,0.51,15.0,0.00022999312176372189
20.0,0.51,16.0,-0.0001416402120300031
20.0,0.51,17.0,-0.017504959968013517
20.0,0.51,18.0,0.0014795542065221823
20.0,0.51,19.0,-0.013704054393013476
20.0,0.51,20.0,0.01069545961469015
20.0,0.51,21.0,-1.0048980609578262e-06
20.0,1.01,0.0,0.16169892878862946
20.0,1.01,1.0,0.0033092150934665443
20.0,1.01,2.0,0.023361083403953598
20.0,1.01,3.0,-1.9357409333786713e-07
20.0,1.01,4.0,-0.011518280087136012
20.0,1.01,5.0,-0.03271703777808896
20.0,1.01,6.0,0.00021969267962684835
20.0,1.01,7.0,-0.030006944967772523
20.0,1.01,8.0,-4.968538227470565e-06
20.0,1.01,9.0,-0.019744354747108783
20.0,1.01,10.0,-0.004706463898348501
20.0,1.01,11.0,5.685041437608618e-09
20.0,1.01,12.0,0.00011288357084179856
20.0,1.01,13.0,0.022936028215340354
20.0,1.01,14.0,0.0013722083866654078
20.0,1.01,15.0,0.00045778732986621884
20.0,1.01,16.0,-0.0004729304449067606
20.0,1.01,17.0,-0.034627851251472115
20.0,1.01,18.0,0.0028804336746375836
20.0,1.01,19.0,-0.027290743582225108
20.0,1.01,20.0,0.020903131155959598
20.0,1.01,21.0,-1.004897916045966e-06
20.0,1.51,0.0,0.2412239445224117
20.0,1.51,1.0,0.004925228357786499
20.0,1.51,2.0,0.03504823238358562
20.0,1.51,3.0,-1.9357409831999295e-07
20.0,1.51,4.0,-0.017104848699508457
20.0,1.51,5.0,-0.04868293135042334
20.0,1.51,6.0,0.0003232012506691473
20.0,1.51,7.0,-0.04469978805750231
20.0,1.51,8.0,-4.968538586912208e-06
20.0,1.51,9.0,-0.029538331914828547
20.0,1.51,10.0,-0.006982174111508976
20.0,1.51,11.0,5.6850414653641934e-09
20.0,1.51,12.0,0.0001499534842048511
20.0,1.51,13.0,0.03430068154063298
20.0,1.51,14.0,0.0020686753146908973
20.0,1.51,15.0,0.0006855872502280896
20.0,1.51,16.0,-0.0007032846037960949
20.0,1.51,17.0,-0.051335150528382216
20.0,1.51,18.0,0.004241383543605037
20.0,1.51,19.0,-0.04089053723104752
20.0,1.51,20.0,0.03272977079902667
20.0,1.51,21.0,-1.0048979887100629e-06
20.0,2.01,0.0,0.3018848622115887
20.0,2.01,1.0,0.0061602691574811075
20.0,2.01,2.0,0.04385720751047906
20.0,2.01,3.0,-1.9357410187270663e-07
20.0,2.01,4.0,-0.021294278375925124
20.0,2.01,5.0,-0.06047399194891884
20.0,2.01,6.0,0.0003700728179829027
20.0,2.01,7.0,-0.055604753960374925
20.0,2.01,8.0,-4.9685388515477436e-06
20.0,2.01,9.0,-0.036962500534086895
20.0,2.01,10.0,-0.008653736810047385
20.0,2.01,11.0,5.685041493119769e-09
20.0,2.01,12.0,0.00013878670354333655
20.0,2.01,13.0,0.042919621164416555
20.0,2.01,14.0,0.0025734975813026043
20.0,2.01,15.0,0.0008573110293647046
20.0,2.01,16.0,-0.0008993713831667027
20.0,2.01,17.0,-0.0631361778800409
20.0,2.01,18.0,0.005237324263864751
20.0,2.01,19.0,-0.05115539403528446
20.0,2.01,20.0,0.04106266028626265
20.0,2.01,21.0,-1.0048980422228126e-06
21.0,0.01,0.0,0.0016438695949205773
21.0,0.01,1.0,3.303318410827205e-05
21.0,0.01,2.0,0.00022917182166970473
21.0,0.01,3.0,-1.936065238822282e-07
21.0,0.01,4.0,9.537228767897421e-06
21.0,0.01,5.0,-0.000338050338242607
21.0,0.01,6.0,-2.6374481543189887e-05
21.0,0.01,7.0,-0.0003025618657816198
21.0,0.01,8.0,-4.968687692549767e-06
21.0,0.01,9.0,-0.0001877847045100578
21.0,0.01,10.0,-5.7659173105628625e-05
21.0,0.01,11.0,5.690716814443775e-09
21.0,0.01,12.0,-8.339487992864436e-06
21.0,0.01,13.0,0.00022792007090668975
21.0,0.01,14.0,-5.9168500225109666e-05
21.0,0.01,15.0,2.943774509087116e-06
21.0,0.01,16.0,-4.3197862739707826e-05
21.0,0.01,17.0,-0.0003605430007653787
21.0,0.01,18.0,4.3830433654745704e-05
21.0,0.01,19.0,-0.0003032924237660328
21.0,0.01,20.0,0.00017004329124470363
21.0,0.01,21.0,-1.0312688060176711e-06
21.0,0.51,0.0,0.08193463739415907
21.0,0.51,1.0,0.0017309727587738744
21.0,0.51,2.0,0.011709520703064247
21.0,0.51,3.0,-1.936065228830275e-07
21.0,0.51,4.0,-0.006076387212881507
21.0,0.51,5.0,-0.01691554420086422
21.0,0.51,6.0,0.0003091535266981915
21.0,0.51,7.0,-0.015233246670065884
21.0,0.51,8.0,-4.968687610518163e-06
21.0,0.51,9.0,-0.009832909893285363
21.0,0.51,10.0,-0.0024263850953745725
21.0,0.51,11.0,5.690716814443775e-09
21.0,0.51,12.0,0.00014670588841103616
21.0,0.51,13.0,0.011714586494565471
21.0,0.51,14.0,0.0006860517712025324
21.0,0.51,15.0,0.00024068019380019123
21.0,0.51,16.0,-0.00029869322464209924
21.0,0.51,17.0,-0.017631369615173753
21.0,0.51,18.0,0.0015116794424489821
21.0,0.51,19.0,-0.013606430305466932
21.0,0.51,20.0,0.01059100193010859
21.0,0.51,21.0,-1.0312687889757477e-06
21.0,1.01,0.0,0.16213231474397416
21.0,1.01,1.0,0.003419440592222628
21.0,1.01,2.0,0.023257469585416413
21.0,1.01,3.0,-1.9360651293265363e-07
21.0,1.01,4.0,-0.011469753547523831
21.0,1.01,5.0,-0.033449858317387365
21.0,1.01,6.0,0.00045040517149341763
21.0,1.01,7.0,-0.030145802313840758
21.0,1.01,8.0,-4.968686877111772e-06
21.0,1.01,9.0,-0.019502043080726394
21.0,1.01,10.0,-0.004816315947438643
21.0,1.01,11.0,5.6907167589326235e-09
21.0,1.01,12.0,0.00020165597071053476
21.0,1.01,13.0,0.023207981445144715
21.0,1.01,14.0,0.001443716052499315
21.0,1.01,15.0,0.00047915763248555787
21.0,1.01,16.0,-0.0007783582570755065
21.0,1.01,17.0,-0.034867462656608596
21.0,1.01,18.0,0.0029366928559176053
21.0,1.01,19.0,-0.027113874243212932
21.0,1.01,20.0,0.020802843996612363
21.0,1.01,21.0,-1.0312686367919266e-06
21.0,1.51,0.0,0.24180795890449291
21.0,1.51,1.0,0.005086909077975238
21.0,1.51,2.0,0.034897294860628425
21.0,1.51,3.0,-1.93606518206213e-07
21.0,1.51,4.0,-0.017040295716209852
21.0,1.51,5.0,-0.04973285370634762
21.0,1.51,6.0,0.0006671009024584729
21.0,1.51,7.0,-0.044879794292784464
21.0,1.51,8.0,-4.9686872578558194e-06
21.0,1.51,9.0,-0.029175434337501083
21.0,1.51,10.0,-0.007136272797968302
21.0,1.51,11.0,5.690716786688199e-09
21.0,1.51,12.0,0.00027910460646168866
21.0,1.51,13.0,0.034705439403380084
21.0,1.51,14.0,0.0021761086411978825
21.0,1.51,15.0,0.0007174867850496536
21.0,1.51,16.0,-0.0011599013265816138
21.0,1.51,17.0,-0.051626718131162416
21.0,1.51,18.0,0.004317604554016863
21.0,1.51,19.0,-0.04061828915148341
21.0,1.51,20.0,0.03268443661522513
21.0,1.51,21.0,-1.0312687158120504e-06
21.0,2.01,0.0,0.3011056014930483
21.0,2.01,1.0,0.006331764184930422
21.0,2.01,2.0,0.043454112928756616
21.0,2.01,3.0,-1.936065217172933e-07
21.0,2.01,4.0,-0.021108664583350978
21.0,2.01,5.0,-0.06144650910220766
21.0,2.01,6.0,0.000787511856153611
21.0,2.01,7.0,-0.05554542280625985
21.0,2.01,8.0,-4.968687519646409e-06
21.0,2.01,9.0,-0.03633047627405919
21.0,2.01,10.0,-0.00879676960462783
21.0,2.01,11.0,5.690716814443775e-09
21.0,2.01,12.0,0.0002913413317943425
21.0,2.01,13.0,0.04321364646148468
21.0,2.01,14.0,0.0026963911977791744
21.0,2.01,15.0,0.000892963120155077
21.0,2.01,16.0,-0.001470941998687414
21.0,2.01,17.0,-0.06313958294284827
21.0,2.01,18.0,0.005298940590880902
21.0,2.01,19.0,-0.050566977558011816
21.0,2.01,20.0,0.04076448584987069
21.0,2.01,21.0,-1.0312687701019563e-06
22.0,0.01,0.0,0.001570352599946534
22.0,0.01,1.0,2.965715313327233e-05
22.0,0.01,2.0,0.0002570303031040333
22.0,0.01,3.0,-1.9354850809560897e-07
22.0,0.01,4.0,-1.0287192682700841e-05
22.0,0.01,5.0,-0.0003337270706339768
22.0,0.01,6.0,-1.983937991523188e-05
22.0,0.01,7.0,-0.0003050881140473638
22.0,0.01,8.0,-4.9681425468503515e-06
22.0,0.01,9.0,-0.00020724232110092
22.0,0.01,10.0,-5.294819716145094e-05
22.0,0.01,11.0,5.680945699970685e-09
22.0,0.01,12.0,-6.341338958021359e-06
22.0,0.01,13.0,0.00023583676459013048
22.0,0.01,14.0,-3.238366744402754e-05
22.0,0.01,15.0,3.046733227582421e-06
22.0,0.01,16.0,-3.250735449883413e-05
22.0,0.01,17.0,-0.000355199327075964
22.0,0.01,18.0,3.270249909140266e-05
22.0,0.01,19.0,-0.0003289508883047576
22.0,0.01,20.0,0.0002701415328421608
22.0,0.01,21.0,-1.0094209252353714e-06
22.0,0.51,0.0,0.08158903688219554
22.0,0.51,1.0,0.001686556346983531
22.0,0.51,2.0,0.011858367720641694
22.0,0.51,3.0,-1.9354850763764198e-07
22.0,0.51,4.0,-0.006125189961278588
22.0,0.51,5.0,-0.01667975725942987
22.0,0.51,6.0,0.00022869504002354102
22.0,0.51,7.0,-0.015097259504834828
22.0,0.51,8.0,-4.96814250934563e-06
22.0,0.51,9.0,-0.010129043852121378
22.0,0.51,10.0,-0.002413050127357652
22.0,0.51,11.0,5.680945699970685e-09
22.0,0.51,12.0,0.00012270190546184723
22.0,0.51,13.0,0.01163299545902069
22.0,0.51,14.0,0.0008732640359492352
22.0,0.51,15.0,0.00023840089035639944
22.0,0.51,16.0,-0.0002967177034596813
22.0,0.51,17.0,-0.017380127602448545
22.0,0.51,18.0,0.001396363697604458
22.0,0.51,19.0,-0.01368286392987167
22.0,0.51,20.0,0.010526757083103855
22.0,0.51,21.0,-1.0094209176025881e-06
22.0,1.01,0.0,0.16154802063480667
22.0,1.01,1.0,0.003336386639983313
22.0,1.01,2.0,0.023509585828600077
22.0,1.01,3.0,-1.9354849908892469e-07
22.0,1.01,4.0,-0.011572033160387907
22.0,1.01,5.0,-0.032992453370535815
22.0,1.01,6.0,0.00028335024365022665
22.0,1.01,7.0,-0.029876368272896053
22.0,1.01,8.0,-4.9681418749086825e-06
22.0,1.01,9.0,-0.020069343988712268
22.0,1.01,10.0,-0.00479492474592047
22.0,1.01,11.0,5.680945658337322e-09
22.0,1.01,12.0,0.00015747694902415454
22.0,1.01,13.0,0.02303188442412285
22.0,1.01,14.0,0.0017929701230806616
22.0,1.01,15.0,0.0004743511156276442
22.0,1.01,16.0,-0.0007751255065310825
22.0,1.01,17.0,-0.034390205355761094
22.0,1.01,18.0,0.002722507137651653
22.0,1.01,19.0,-0.027238682243918788
22.0,1.01,20.0,0.02050634354368147
22.0,1.01,21.0,-1.009420788705695e-06
22.0,1.51,0.0,0.2410543299433725
22.0,1.51,1.0,0.004967424393776343
22.0,1.51,2.0,0.03527109981892018
22.0,1.51,3.0,-1.93548502600005e-07
22.0,1.51,4.0,-0.017195382866940834
22.0,1.51,5.0,-0.04912345902907116
22.0,1.51,6.0,0.00041746524106905936
22.0,1.51,7.0,-0.04453077508715288
22.0,1.51,8.0,-4.968142128310149e-06
22.0,1.51,9.0,-0.030026309372108123
22.0,1.51,10.0,-0.007119468084982317
22.0,1.51,11.0,5.6809456860928975e-09
22.0,1.51,12.0,0.0002176227137236919
22.0,1.51,13.0,0.034448189526630174
22.0,1.51,14.0,0.0026915661248377437
22.0,1.51,15.0,0.0007105139676714389
22.0,1.51,16.0,-0.0011584101751139775
22.0,1.51,17.0,-0.051057724214298175
22.0,1.51,18.0,0.004012474128531979
22.0,1.51,19.0,-0.04081439855836366
22.0,1.51,20.0,0.032021455903449625
22.0,1.51,21.0,-1.0094208402200433e-06
22.0,2.01,0.0,0.30540124164133176
22.0,2.01,1.0,0.006287802793390973
22.0,2.01,2.0,0.0446737772247377
22.0,2.01,3.0,-1.9354850644415222e-07
22.0,2.01,4.0,-0.02167275115124856
22.0,2.01,5.0,-0.0617209971754576
22.0,2.01,6.0,0.00048406408656126443
22.0,2.01,7.0,-0.05604719359530913
22.0,2.01,8.0,-4.968142415545662e-06
22.0,2.01,9.0,-0.03802913384114334
22.0,2.01,10.0,-0.008922067024661418
22.0,2.01,11.0,5.680945699970685e-09
22.0,2.01,12.0,0.00021536714628575537
22.0,2.01,13.0,0.04362890079910775
22.0,2.01,14.0,0.0033876399883232475
22.0,2.01,15.0,0.0008988779432007876
22.0,2.01,16.0,-0.001495076510760529
22.0,2.01,17.0,-0.06357634352694251
22.0,2.01,18.0,0.005000634646024682
22.0,2.01,19.0,-0.05168511183177921
22.0,2.01,20.0,0.04068165548612651
22.0,2.01,21.0,-1.009420898506752e-06
23.0,0.01,0.0,0.0015887429603416159
23.0,0.01,1.0,3.070620732920082e-05
23.0,0.01,2.0,0.0002489500275875134
23.0,0.01,3.0,-1.9358454214635223e-07
23.0,0.01,4.0,-4.793133112246384e-06
23.0,0.01,5.0,-0.00033321719804449423
23.0,0.01,6.0,-2.039331912773168e-05
23.0,0.01,7.0,-0.00030225865889010883
23.0,0.01,8.0,-4.968668289986877e-06
23.0,0.01,9.0,-0.00020210393213163091
23.0,0.01,10.0,-5.297628092848505e-05
23.0,0.01,11.0,5.686274506810918e-09
23.0,0.01,12.0,-5.020819314943692e-06
23.0,0.01,13.0,0.00023472207818708846
23.0,0.01,14.0,-5.553355328184045e-05
23.0,0.01,15.0,3.0792570721582813e-06
23.0,0.01,16.0,-2.835667087330851e-05
23.0,0.01,17.0,-0.0003565745723539404
23.0,0.01,18.0,4.0360031752756376e-05
23.0,0.01,19.0,-0.0003215873850747064
23.0,0.01,20.0,0.0002502784831377447
23.0,0.01,21.0,-1.0419097414282597e-06
23.0,0.51,0.0,0.08174183545502611
23.0,0.51,1.0,0.0017053539633522796
23.0,0.51,2.0,0.01179364162144475
23.0,0.51,3.0,-1.9358454123041824e-07
23.0,0.51,4.0,-0.006055557493889363
23.0,0.51,5.0,-0.016656559892419237
23.0,0.51,6.0,0.0002073285354053378
23.0,0.51,7.0,-0.0150218644331412
23.0,0.51,8.0,-4.968668217232575e-06
23.0,0.51,9.0,-0.010054442005084208
23.0,0.51,10.0,-0.002363979903802438
23.0,0.51,11.0,5.68627449293313e-09
23.0,0.51,12.0,0.00012072860833112209
23.0,0.51,13.0,0.011694132855494588
23.0,0.51,14.0,0.0006817076308970119
23.0,0.51,15.0,0.00024072672812801288
23.0,0.51,16.0,-0.00010036996070811322
23.0,0.51,17.0,-0.017480195631641743
23.0,0.51,18.0,0.001490805412863283
23.0,0.51,19.0,-0.01361160480017759
23.0,0.51,20.0,0.010658800420360937
23.0,0.51,21.0,-1.0419097261904486e-06
23.0,1.01,0.0,0.1617728512812573
23.0,1.01,1.0,0.0033699878451459164
23.0,1.01,2.0,0.023417854967539786
23.0,1.01,3.0,-1.9358453237638962e-07
23.0,1.01,4.0,-0.011471238803411055
23.0,1.01,5.0,-0.032948979734827244
23.0,1.01,6.0,0.0002561275519658568
23.0,1.01,7.0,-0.029735294799756742
23.0,1.01,8.0,-4.9686675610075e-06
23.0,1.01,9.0,-0.01993863282757047
23.0,1.01,10.0,-0.00469275408382569
23.0,1.01,11.0,5.6862744512997665e-09
23.0,1.01,12.0,0.00016093991502366678
23.0,1.01,13.0,0.023166787124981242
23.0,1.01,14.0,0.0014308248985962918
23.0,1.01,15.0,0.000479219949579765
23.0,1.01,16.0,-0.0003683028849559289
23.0,1.01,17.0,-0.03458521033722473
23.0,1.01,18.0,0.002903534773955857
23.0,1.01,19.0,-0.027118550942926478
23.0,1.01,20.0,0.02095227600055749
23.0,1.01,21.0,-1.0419095885783047e-06
23.0,1.51,0.0,0.24136246032507014
23.0,1.51,1.0,0.005016426592744733
23.0,1.51,2.0,0.035139121585028577
23.0,1.51,3.0,-1.935845363870703e-07
23.0,1.51,4.0,-0.01707098079472419
23.0,1.51,5.0,-0.049054369413463944
23.0,1.51,6.0,0.000387646989785162
23.0,1.51,7.0,-0.04431618691437955
23.0,1.51,8.0,-4.968667849762631e-06
23.0,1.51,9.0,-0.02983382806202603
23.0,1.51,10.0,-0.006964713220834806
23.0,1.51,11.0,5.686274479055342e-09
23.0,1.51,12.0,0.00022688920760186027
23.0,1.51,13.0,0.034652085729346055
23.0,1.51,14.0,0.002158120220622374
23.0,1.51,15.0,0.0007178043946450413
23.0,1.51,16.0,-0.0005371736636573532
23.0,1.51,17.0,-0.05131989577771769
23.0,1.51,18.0,0.004280959716848276
23.0,1.51,19.0,-0.04063102478114616
23.0,1.51,20.0,0.032779344179010406
23.0,1.51,21.0,-1.0419096491132152e-06
23.0,2.01,0.0,0.3046783889051743
23.0,2.01,1.0,0.00632734782249364
23.0,2.01,2.0,0.04434819920026889
23.0,2.01,3.0,-1.9358454010631743e-07
23.0,2.01,4.0,-0.02143601119839683
23.0,2.01,5.0,-0.06143261149422287
23.0,2.01,6.0,0.00045062751892860353
23.0,2.01,7.0,-0.05558230161778922
23.0,2.01,8.0,-4.968668126346942e-06
23.0,2.01,9.0,-0.03765152375157743
23.0,2.01,10.0,-0.008700505635856004
23.0,2.01,11.0,5.68627449293313e-09
23.0,2.01,12.0,0.00023126356313410423
23.0,2.01,13.0,0.0437308587537161
23.0,2.01,14.0,0.0027069245912675136
23.0,2.01,15.0,0.0009049575557104617
23.0,2.01,16.0,-0.0007013581560971205
23.0,2.01,17.0,-0.06363620645788554
23.0,2.01,18.0,0.005326357010817073
23.0,2.01,19.0,-0.051264445706383
23.0,2.01,20.0,0.04147206680313564
23.0,2.01,21.0,-1.0419097071501238e-06
24.0,0.01,0.0,0.0016249137707373684
24.0,0.01,1.0,3.199365431996726e-05
24.0,0.01,2.0,0.00023375702299210932
24.0,0.01,3.0,-1.9357469355218981e-07
24.0,0.01,4.0,2.1680003651214363e-06
24.0,0.01,5.0,-0.00033201317148699727
24.0,0.01,6.0,-2.688399718392409e-05
24.0,0.01,7.0,-0.0002984181850319567
24.0,0.01,8.0,-4.9685520205206e-06
24.0,0.01,9.0,-0.0001948724331359286
24.0,0.01,10.0,-5.534257046546642e-05
24.0,0.01,11.0,5.6847716811692095e-09
24.0,0.01,12.0,-6.845054005943929e-06
24.0,0.01,13.0,0.0002245729146702069
24.0,0.01,14.0,-4.7601786760963216e-05
24.0,0.01,15.0,2.94961735282373e-06
24.0,0.01,16.0,-3.7928894213334896e-05
24.0,0.01,17.0,-0.00034978145350714196
24.0,0.01,18.0,4.1276960112746064e-05
24.0,0.01,19.0,-0.000308404951722574
24.0,0.01,20.0,0.00019261778467666302
24.0,0.01,21.0,-1.0328366827350166e-06
24.0,0.51,0.0,0.08163210618244243
24.0,0.51,1.0,0.0017038865884858034
24.0,0.51,2.0,0.011708688002012413
24.0,0.51,3.0,-1.9357469313585618e-07
24.0,0.51,4.0,-0.005897391966820376
24.0,0.51,5.0,-0.01666184631739158
24.0,0.51,6.0,0.0002592063047637261
24.0,0.51,7.0,-0.015008581878532753
24.0,0.51,8.0,-4.96855198746371e-06
24.0,0.51,9.0,-0.010037940268284612
24.0,0.51,10.0,-0.002383632905904709
24.0,0.51,11.0,5.684771695046997e-09
24.0,0.51,12.0,0.0002063837584596051
24.0,0.51,13.0,0.011449820068010513
24.0,0.51,14.0,0.0007448766697344886
24.0,0.51,15.0,0.0002408366541647028
24.0,0.51,16.0,-0.00011302451479500153
24.0,0.51,17.0,-0.017166142543383764
24.0,0.51,18.0,0.0015024465110178298
24.0,0.51,19.0,-0.013770524054250222
24.0,0.51,20.0,0.010623466880939902
24.0,0.51,21.0,-1.0328366758793894e-06
24.0,1.01,0.0,0.16158641272387975
24.0,1.01,1.0,0.003366990692604266
24.0,1.01,2.0,0.02324905428129359
24.0,1.01,3.0,-1.9357468315772675e-07
24.0,1.01,4.0,-0.01102930589730522
24.0,1.01,5.0,-0.0329566487169779
24.0,1.01,6.0,0.0003151737555890932
24.0,1.01,7.0,-0.029705139590736354
24.0,1.01,8.0,-4.968551251073594e-06
24.0,1.01,9.0,-0.019898709375711643
24.0,1.01,10.0,-0.0047397652658823786
24.0,1.01,11.0,5.684771625658058e-09
24.0,1.01,12.0,0.00030901667001778654
24.0,1.01,13.0,0.02267900098310857
24.0,1.01,14.0,0.0015532627881389982
24.0,1.01,15.0,0.00047953494491249915
24.0,1.01,16.0,-0.00044814450837410424
24.0,1.01,17.0,-0.03397336793832698
24.0,1.01,18.0,0.0029254211473558334
24.0,1.01,19.0,-0.02744612686646858
24.0,1.01,20.0,0.020979625376094546
24.0,1.01,21.0,-1.03283652280739e-06
24.0,1.51,0.0,0.2411385268608549
24.0,1.51,1.0,0.005016698835590805
24.0,1.51,2.0,0.03482930897541614
24.0,1.51,3.0,-1.9357468837577496e-07
24.0,1.51,4.0,-0.016468400543094452
24.0,1.51,5.0,-0.049056827551085515
24.0,1.51,6.0,0.0004844737603297844
24.0,1.51,7.0,-0.04426098016498793
24.0,1.51,8.0,-4.968551627064499e-06
24.0,1.51,9.0,-0.02975584220759181
24.0,1.51,10.0,-0.007033338899913921
24.0,1.51,11.0,5.684771653413634e-09
24.0,1.51,12.0,0.0004500196130841905
24.0,1.51,13.0,0.03390310282245143
24.0,1.51,14.0,0.002337462007850309
24.0,1.51,15.0,0.0007176429771480197
24.0,1.51,16.0,-0.0006458888071683155
24.0,1.51,17.0,-0.050432593124252495
24.0,1.51,18.0,0.0043176312615348655
24.0,1.51,19.0,-0.04107511995299212
24.0,1.51,20.0,0.032365044405556986
24.0,1.51,21.0,-1.0328366009393353e-06
24.0,2.01,0.0,0.300800375212936
24.0,2.01,1.0,0.0062546643097488586
24.0,2.01,2.0,0.043443822858987846
24.0,2.01,3.0,-1.9357469194236643e-07
24.0,2.01,4.0,-0.020477262719146072
24.0,2.01,5.0,-0.06079619336356509
24.0,2.01,6.0,0.000573307545482904
24.0,2.01,7.0,-0.05493289815635327
24.0,2.01,8.0,-4.968551893316797e-06
24.0,2.01,9.0,-0.03711513065778477
24.0,2.01,10.0,-0.008696988642447001
24.0,2.01,11.0,5.6847716811692095e-09
24.0,2.01,12.0,0.0005132293465604509
24.0,2.01,13.0,0.04228603571745984
24.0,2.01,14.0,0.0029056412760679537
24.0,2.01,15.0,0.0008945932714740645
24.0,2.01,16.0,-0.0008230812353303696
24.0,2.01,17.0,-0.06207811250848638
24.0,2.01,18.0,0.0053167919401998776
24.0,2.01,19.0,-0.05122855499501755
24.0,2.01,20.0,0.040504172838847774
24.0,2.01,21.0,-1.0328366563117086e-06
